-- ============================================================================
-- CLEANUP: Delete all existing data in reverse FK dependency order
-- Safe to run multiple times
-- ============================================================================
USE EX_SYS;
GO

-- Disable all FK constraints temporarily for clean delete
EXEC sp_MSforeachtable 'ALTER TABLE ? NOCHECK CONSTRAINT ALL';
GO

DELETE FROM Student_Answer;
DELETE FROM Student_Exam;
DELETE FROM Exam_Question;
DELETE FROM Question_Choices;
DELETE FROM question;
DELETE FROM exam;
DELETE FROM instructor_Course;
DELETE FROM student;
DELETE FROM training_manager;
DELETE FROM instructor;
DELETE FROM [user];
DELETE FROM intake;
DELETE FROM branch_track;
DELETE FROM track;
DELETE FROM branch;
DELETE FROM course;
GO

-- Re-enable all FK constraints
EXEC sp_MSforeachtable 'ALTER TABLE ? WITH CHECK CHECK CONSTRAINT ALL';
GO

-- Reset identity seeds
DBCC CHECKIDENT ('[user]',       RESEED, 0);
DBCC CHECKIDENT ('branch',       RESEED, 0);
DBCC CHECKIDENT ('track',        RESEED, 0);
DBCC CHECKIDENT ('intake',       RESEED, 0);
DBCC CHECKIDENT ('course',       RESEED, 0);
DBCC CHECKIDENT ('instructor',   RESEED, 0);
DBCC CHECKIDENT ('training_manager', RESEED, 0);
DBCC CHECKIDENT ('student',      RESEED, 0);
DBCC CHECKIDENT ('exam',         RESEED, 0);
DBCC CHECKIDENT ('question',     RESEED, 0);
DBCC CHECKIDENT ('Question_Choices', RESEED, 0);
DBCC CHECKIDENT ('Student_Answer',   RESEED, 0);
GO

PRINT 'Cleanup complete. Inserting fresh data...';
GO

USE EX_SYS;
GO

-- Data for [user]
GO
SET IDENTITY_INSERT [user] ON;
INSERT INTO [user] ([usr_id], [usr_name], [pass_hash], [Role], [is_active], [created_date]) VALUES
(1, 'mgr1', 'a665a45920422f9d417e4867efdc4fb8a04a1f3fff1fa07e998e86f7f7a27ae3', 'training manager', 1, '2026-02-13 03:01:23.407'),
(2, 'mgr2', 'a665a45920422f9d417e4867efdc4fb8a04a1f3fff1fa07e998e86f7f7a27ae3', 'training manager', 1, '2026-02-13 03:01:23.407'),
(3, 'mgr3', 'a665a45920422f9d417e4867efdc4fb8a04a1f3fff1fa07e998e86f7f7a27ae3', 'training manager', 1, '2026-02-13 03:01:23.407'),
(4, 'mgr4', 'a665a45920422f9d417e4867efdc4fb8a04a1f3fff1fa07e998e86f7f7a27ae3', 'training manager', 1, '2026-02-13 03:01:23.407'),
(5, 'mgr5', 'a665a45920422f9d417e4867efdc4fb8a04a1f3fff1fa07e998e86f7f7a27ae3', 'training manager', 1, '2026-02-13 03:01:23.407'),
(6, 'inst6', 'a665a45920422f9d417e4867efdc4fb8a04a1f3fff1fa07e998e86f7f7a27ae3', 'instructor', 1, '2026-02-13 03:01:23.408'),
(7, 'inst7', 'a665a45920422f9d417e4867efdc4fb8a04a1f3fff1fa07e998e86f7f7a27ae3', 'instructor', 1, '2026-02-13 03:01:23.408'),
(8, 'inst8', 'a665a45920422f9d417e4867efdc4fb8a04a1f3fff1fa07e998e86f7f7a27ae3', 'instructor', 1, '2026-02-13 03:01:23.408'),
(9, 'inst9', 'a665a45920422f9d417e4867efdc4fb8a04a1f3fff1fa07e998e86f7f7a27ae3', 'instructor', 1, '2026-02-13 03:01:23.408'),
(10, 'inst10', 'a665a45920422f9d417e4867efdc4fb8a04a1f3fff1fa07e998e86f7f7a27ae3', 'instructor', 1, '2026-02-13 03:01:23.408'),
(11, 'inst11', 'a665a45920422f9d417e4867efdc4fb8a04a1f3fff1fa07e998e86f7f7a27ae3', 'instructor', 1, '2026-02-13 03:01:23.408'),
(12, 'inst12', 'a665a45920422f9d417e4867efdc4fb8a04a1f3fff1fa07e998e86f7f7a27ae3', 'instructor', 1, '2026-02-13 03:01:23.408'),
(13, 'inst13', 'a665a45920422f9d417e4867efdc4fb8a04a1f3fff1fa07e998e86f7f7a27ae3', 'instructor', 1, '2026-02-13 03:01:23.408'),
(14, 'inst14', 'a665a45920422f9d417e4867efdc4fb8a04a1f3fff1fa07e998e86f7f7a27ae3', 'instructor', 1, '2026-02-13 03:01:23.408'),
(15, 'inst15', 'a665a45920422f9d417e4867efdc4fb8a04a1f3fff1fa07e998e86f7f7a27ae3', 'instructor', 1, '2026-02-13 03:01:23.408'),
(16, 'inst16', 'a665a45920422f9d417e4867efdc4fb8a04a1f3fff1fa07e998e86f7f7a27ae3', 'instructor', 1, '2026-02-13 03:01:23.408'),
(17, 'inst17', 'a665a45920422f9d417e4867efdc4fb8a04a1f3fff1fa07e998e86f7f7a27ae3', 'instructor', 1, '2026-02-13 03:01:23.408'),
(18, 'inst18', 'a665a45920422f9d417e4867efdc4fb8a04a1f3fff1fa07e998e86f7f7a27ae3', 'instructor', 1, '2026-02-13 03:01:23.408'),
(19, 'inst19', 'a665a45920422f9d417e4867efdc4fb8a04a1f3fff1fa07e998e86f7f7a27ae3', 'instructor', 1, '2026-02-13 03:01:23.408'),
(20, 'inst20', 'a665a45920422f9d417e4867efdc4fb8a04a1f3fff1fa07e998e86f7f7a27ae3', 'instructor', 1, '2026-02-13 03:01:23.408'),
(21, 'inst21', 'a665a45920422f9d417e4867efdc4fb8a04a1f3fff1fa07e998e86f7f7a27ae3', 'instructor', 1, '2026-02-13 03:01:23.408'),
(22, 'inst22', 'a665a45920422f9d417e4867efdc4fb8a04a1f3fff1fa07e998e86f7f7a27ae3', 'instructor', 1, '2026-02-13 03:01:23.408'),
(23, 'inst23', 'a665a45920422f9d417e4867efdc4fb8a04a1f3fff1fa07e998e86f7f7a27ae3', 'instructor', 1, '2026-02-13 03:01:23.408'),
(24, 'inst24', 'a665a45920422f9d417e4867efdc4fb8a04a1f3fff1fa07e998e86f7f7a27ae3', 'instructor', 1, '2026-02-13 03:01:23.408'),
(25, 'inst25', 'a665a45920422f9d417e4867efdc4fb8a04a1f3fff1fa07e998e86f7f7a27ae3', 'instructor', 1, '2026-02-13 03:01:23.408'),
(26, 'std26', 'a665a45920422f9d417e4867efdc4fb8a04a1f3fff1fa07e998e86f7f7a27ae3', 'student', 1, '2026-02-13 03:01:23.408'),
(27, 'std27', 'a665a45920422f9d417e4867efdc4fb8a04a1f3fff1fa07e998e86f7f7a27ae3', 'student', 1, '2026-02-13 03:01:23.408'),
(28, 'std28', 'a665a45920422f9d417e4867efdc4fb8a04a1f3fff1fa07e998e86f7f7a27ae3', 'student', 1, '2026-02-13 03:01:23.408'),
(29, 'std29', 'a665a45920422f9d417e4867efdc4fb8a04a1f3fff1fa07e998e86f7f7a27ae3', 'student', 1, '2026-02-13 03:01:23.408'),
(30, 'std30', 'a665a45920422f9d417e4867efdc4fb8a04a1f3fff1fa07e998e86f7f7a27ae3', 'student', 1, '2026-02-13 03:01:23.408'),
(31, 'std31', 'a665a45920422f9d417e4867efdc4fb8a04a1f3fff1fa07e998e86f7f7a27ae3', 'student', 1, '2026-02-13 03:01:23.408'),
(32, 'std32', 'a665a45920422f9d417e4867efdc4fb8a04a1f3fff1fa07e998e86f7f7a27ae3', 'student', 1, '2026-02-13 03:01:23.408'),
(33, 'std33', 'a665a45920422f9d417e4867efdc4fb8a04a1f3fff1fa07e998e86f7f7a27ae3', 'student', 1, '2026-02-13 03:01:23.408'),
(34, 'std34', 'a665a45920422f9d417e4867efdc4fb8a04a1f3fff1fa07e998e86f7f7a27ae3', 'student', 1, '2026-02-13 03:01:23.408'),
(35, 'std35', 'a665a45920422f9d417e4867efdc4fb8a04a1f3fff1fa07e998e86f7f7a27ae3', 'student', 1, '2026-02-13 03:01:23.408'),
(36, 'std36', 'a665a45920422f9d417e4867efdc4fb8a04a1f3fff1fa07e998e86f7f7a27ae3', 'student', 1, '2026-02-13 03:01:23.408'),
(37, 'std37', 'a665a45920422f9d417e4867efdc4fb8a04a1f3fff1fa07e998e86f7f7a27ae3', 'student', 1, '2026-02-13 03:01:23.408'),
(38, 'std38', 'a665a45920422f9d417e4867efdc4fb8a04a1f3fff1fa07e998e86f7f7a27ae3', 'student', 1, '2026-02-13 03:01:23.408'),
(39, 'std39', 'a665a45920422f9d417e4867efdc4fb8a04a1f3fff1fa07e998e86f7f7a27ae3', 'student', 1, '2026-02-13 03:01:23.408'),
(40, 'std40', 'a665a45920422f9d417e4867efdc4fb8a04a1f3fff1fa07e998e86f7f7a27ae3', 'student', 1, '2026-02-13 03:01:23.408'),
(41, 'std41', 'a665a45920422f9d417e4867efdc4fb8a04a1f3fff1fa07e998e86f7f7a27ae3', 'student', 1, '2026-02-13 03:01:23.408'),
(42, 'std42', 'a665a45920422f9d417e4867efdc4fb8a04a1f3fff1fa07e998e86f7f7a27ae3', 'student', 1, '2026-02-13 03:01:23.408'),
(43, 'std43', 'a665a45920422f9d417e4867efdc4fb8a04a1f3fff1fa07e998e86f7f7a27ae3', 'student', 1, '2026-02-13 03:01:23.408'),
(44, 'std44', 'a665a45920422f9d417e4867efdc4fb8a04a1f3fff1fa07e998e86f7f7a27ae3', 'student', 1, '2026-02-13 03:01:23.408'),
(45, 'std45', 'a665a45920422f9d417e4867efdc4fb8a04a1f3fff1fa07e998e86f7f7a27ae3', 'student', 1, '2026-02-13 03:01:23.408'),
(46, 'std46', 'a665a45920422f9d417e4867efdc4fb8a04a1f3fff1fa07e998e86f7f7a27ae3', 'student', 1, '2026-02-13 03:01:23.408'),
(47, 'std47', 'a665a45920422f9d417e4867efdc4fb8a04a1f3fff1fa07e998e86f7f7a27ae3', 'student', 1, '2026-02-13 03:01:23.408'),
(48, 'std48', 'a665a45920422f9d417e4867efdc4fb8a04a1f3fff1fa07e998e86f7f7a27ae3', 'student', 1, '2026-02-13 03:01:23.408'),
(49, 'std49', 'a665a45920422f9d417e4867efdc4fb8a04a1f3fff1fa07e998e86f7f7a27ae3', 'student', 1, '2026-02-13 03:01:23.408'),
(50, 'std50', 'a665a45920422f9d417e4867efdc4fb8a04a1f3fff1fa07e998e86f7f7a27ae3', 'student', 1, '2026-02-13 03:01:23.408'),
(51, 'std51', 'a665a45920422f9d417e4867efdc4fb8a04a1f3fff1fa07e998e86f7f7a27ae3', 'student', 1, '2026-02-13 03:01:23.408'),
(52, 'std52', 'a665a45920422f9d417e4867efdc4fb8a04a1f3fff1fa07e998e86f7f7a27ae3', 'student', 1, '2026-02-13 03:01:23.408'),
(53, 'std53', 'a665a45920422f9d417e4867efdc4fb8a04a1f3fff1fa07e998e86f7f7a27ae3', 'student', 1, '2026-02-13 03:01:23.408'),
(54, 'std54', 'a665a45920422f9d417e4867efdc4fb8a04a1f3fff1fa07e998e86f7f7a27ae3', 'student', 1, '2026-02-13 03:01:23.408'),
(55, 'std55', 'a665a45920422f9d417e4867efdc4fb8a04a1f3fff1fa07e998e86f7f7a27ae3', 'student', 1, '2026-02-13 03:01:23.408'),
(56, 'std56', 'a665a45920422f9d417e4867efdc4fb8a04a1f3fff1fa07e998e86f7f7a27ae3', 'student', 1, '2026-02-13 03:01:23.408'),
(57, 'std57', 'a665a45920422f9d417e4867efdc4fb8a04a1f3fff1fa07e998e86f7f7a27ae3', 'student', 1, '2026-02-13 03:01:23.408'),
(58, 'std58', 'a665a45920422f9d417e4867efdc4fb8a04a1f3fff1fa07e998e86f7f7a27ae3', 'student', 1, '2026-02-13 03:01:23.408'),
(59, 'std59', 'a665a45920422f9d417e4867efdc4fb8a04a1f3fff1fa07e998e86f7f7a27ae3', 'student', 1, '2026-02-13 03:01:23.408'),
(60, 'std60', 'a665a45920422f9d417e4867efdc4fb8a04a1f3fff1fa07e998e86f7f7a27ae3', 'student', 1, '2026-02-13 03:01:23.408'),
(61, 'std61', 'a665a45920422f9d417e4867efdc4fb8a04a1f3fff1fa07e998e86f7f7a27ae3', 'student', 1, '2026-02-13 03:01:23.408'),
(62, 'std62', 'a665a45920422f9d417e4867efdc4fb8a04a1f3fff1fa07e998e86f7f7a27ae3', 'student', 1, '2026-02-13 03:01:23.408'),
(63, 'std63', 'a665a45920422f9d417e4867efdc4fb8a04a1f3fff1fa07e998e86f7f7a27ae3', 'student', 1, '2026-02-13 03:01:23.408'),
(64, 'std64', 'a665a45920422f9d417e4867efdc4fb8a04a1f3fff1fa07e998e86f7f7a27ae3', 'student', 1, '2026-02-13 03:01:23.408'),
(65, 'std65', 'a665a45920422f9d417e4867efdc4fb8a04a1f3fff1fa07e998e86f7f7a27ae3', 'student', 1, '2026-02-13 03:01:23.408'),
(66, 'std66', 'a665a45920422f9d417e4867efdc4fb8a04a1f3fff1fa07e998e86f7f7a27ae3', 'student', 1, '2026-02-13 03:01:23.408'),
(67, 'std67', 'a665a45920422f9d417e4867efdc4fb8a04a1f3fff1fa07e998e86f7f7a27ae3', 'student', 1, '2026-02-13 03:01:23.408'),
(68, 'std68', 'a665a45920422f9d417e4867efdc4fb8a04a1f3fff1fa07e998e86f7f7a27ae3', 'student', 1, '2026-02-13 03:01:23.408'),
(69, 'std69', 'a665a45920422f9d417e4867efdc4fb8a04a1f3fff1fa07e998e86f7f7a27ae3', 'student', 1, '2026-02-13 03:01:23.408'),
(70, 'std70', 'a665a45920422f9d417e4867efdc4fb8a04a1f3fff1fa07e998e86f7f7a27ae3', 'student', 1, '2026-02-13 03:01:23.408'),
(71, 'std71', 'a665a45920422f9d417e4867efdc4fb8a04a1f3fff1fa07e998e86f7f7a27ae3', 'student', 1, '2026-02-13 03:01:23.408'),
(72, 'std72', 'a665a45920422f9d417e4867efdc4fb8a04a1f3fff1fa07e998e86f7f7a27ae3', 'student', 1, '2026-02-13 03:01:23.408'),
(73, 'std73', 'a665a45920422f9d417e4867efdc4fb8a04a1f3fff1fa07e998e86f7f7a27ae3', 'student', 1, '2026-02-13 03:01:23.408'),
(74, 'std74', 'a665a45920422f9d417e4867efdc4fb8a04a1f3fff1fa07e998e86f7f7a27ae3', 'student', 1, '2026-02-13 03:01:23.409'),
(75, 'std75', 'a665a45920422f9d417e4867efdc4fb8a04a1f3fff1fa07e998e86f7f7a27ae3', 'student', 1, '2026-02-13 03:01:23.409'),
(76, 'std76', 'a665a45920422f9d417e4867efdc4fb8a04a1f3fff1fa07e998e86f7f7a27ae3', 'student', 1, '2026-02-13 03:01:23.409'),
(77, 'std77', 'a665a45920422f9d417e4867efdc4fb8a04a1f3fff1fa07e998e86f7f7a27ae3', 'student', 1, '2026-02-13 03:01:23.409'),
(78, 'std78', 'a665a45920422f9d417e4867efdc4fb8a04a1f3fff1fa07e998e86f7f7a27ae3', 'student', 1, '2026-02-13 03:01:23.409'),
(79, 'std79', 'a665a45920422f9d417e4867efdc4fb8a04a1f3fff1fa07e998e86f7f7a27ae3', 'student', 1, '2026-02-13 03:01:23.409'),
(80, 'std80', 'a665a45920422f9d417e4867efdc4fb8a04a1f3fff1fa07e998e86f7f7a27ae3', 'student', 1, '2026-02-13 03:01:23.409'),
(81, 'std81', 'a665a45920422f9d417e4867efdc4fb8a04a1f3fff1fa07e998e86f7f7a27ae3', 'student', 1, '2026-02-13 03:01:23.409'),
(82, 'std82', 'a665a45920422f9d417e4867efdc4fb8a04a1f3fff1fa07e998e86f7f7a27ae3', 'student', 1, '2026-02-13 03:01:23.409'),
(83, 'std83', 'a665a45920422f9d417e4867efdc4fb8a04a1f3fff1fa07e998e86f7f7a27ae3', 'student', 1, '2026-02-13 03:01:23.409'),
(84, 'std84', 'a665a45920422f9d417e4867efdc4fb8a04a1f3fff1fa07e998e86f7f7a27ae3', 'student', 1, '2026-02-13 03:01:23.409'),
(85, 'std85', 'a665a45920422f9d417e4867efdc4fb8a04a1f3fff1fa07e998e86f7f7a27ae3', 'student', 1, '2026-02-13 03:01:23.409'),
(86, 'std86', 'a665a45920422f9d417e4867efdc4fb8a04a1f3fff1fa07e998e86f7f7a27ae3', 'student', 1, '2026-02-13 03:01:23.409'),
(87, 'std87', 'a665a45920422f9d417e4867efdc4fb8a04a1f3fff1fa07e998e86f7f7a27ae3', 'student', 1, '2026-02-13 03:01:23.409'),
(88, 'std88', 'a665a45920422f9d417e4867efdc4fb8a04a1f3fff1fa07e998e86f7f7a27ae3', 'student', 1, '2026-02-13 03:01:23.409'),
(89, 'std89', 'a665a45920422f9d417e4867efdc4fb8a04a1f3fff1fa07e998e86f7f7a27ae3', 'student', 1, '2026-02-13 03:01:23.409'),
(90, 'std90', 'a665a45920422f9d417e4867efdc4fb8a04a1f3fff1fa07e998e86f7f7a27ae3', 'student', 1, '2026-02-13 03:01:23.409'),
(91, 'std91', 'a665a45920422f9d417e4867efdc4fb8a04a1f3fff1fa07e998e86f7f7a27ae3', 'student', 1, '2026-02-13 03:01:23.409'),
(92, 'std92', 'a665a45920422f9d417e4867efdc4fb8a04a1f3fff1fa07e998e86f7f7a27ae3', 'student', 1, '2026-02-13 03:01:23.409'),
(93, 'std93', 'a665a45920422f9d417e4867efdc4fb8a04a1f3fff1fa07e998e86f7f7a27ae3', 'student', 1, '2026-02-13 03:01:23.409'),
(94, 'std94', 'a665a45920422f9d417e4867efdc4fb8a04a1f3fff1fa07e998e86f7f7a27ae3', 'student', 1, '2026-02-13 03:01:23.409'),
(95, 'std95', 'a665a45920422f9d417e4867efdc4fb8a04a1f3fff1fa07e998e86f7f7a27ae3', 'student', 1, '2026-02-13 03:01:23.409'),
(96, 'std96', 'a665a45920422f9d417e4867efdc4fb8a04a1f3fff1fa07e998e86f7f7a27ae3', 'student', 1, '2026-02-13 03:01:23.409'),
(97, 'std97', 'a665a45920422f9d417e4867efdc4fb8a04a1f3fff1fa07e998e86f7f7a27ae3', 'student', 1, '2026-02-13 03:01:23.409'),
(98, 'std98', 'a665a45920422f9d417e4867efdc4fb8a04a1f3fff1fa07e998e86f7f7a27ae3', 'student', 1, '2026-02-13 03:01:23.409'),
(99, 'std99', 'a665a45920422f9d417e4867efdc4fb8a04a1f3fff1fa07e998e86f7f7a27ae3', 'student', 1, '2026-02-13 03:01:23.409'),
(100, 'std100', 'a665a45920422f9d417e4867efdc4fb8a04a1f3fff1fa07e998e86f7f7a27ae3', 'student', 1, '2026-02-13 03:01:23.409');
INSERT INTO [user] ([usr_id], [usr_name], [pass_hash], [Role], [is_active], [created_date]) VALUES
(101, 'std101', 'a665a45920422f9d417e4867efdc4fb8a04a1f3fff1fa07e998e86f7f7a27ae3', 'student', 1, '2026-02-13 03:01:23.409'),
(102, 'std102', 'a665a45920422f9d417e4867efdc4fb8a04a1f3fff1fa07e998e86f7f7a27ae3', 'student', 1, '2026-02-13 03:01:23.409'),
(103, 'std103', 'a665a45920422f9d417e4867efdc4fb8a04a1f3fff1fa07e998e86f7f7a27ae3', 'student', 1, '2026-02-13 03:01:23.409'),
(104, 'std104', 'a665a45920422f9d417e4867efdc4fb8a04a1f3fff1fa07e998e86f7f7a27ae3', 'student', 1, '2026-02-13 03:01:23.409'),
(105, 'std105', 'a665a45920422f9d417e4867efdc4fb8a04a1f3fff1fa07e998e86f7f7a27ae3', 'student', 1, '2026-02-13 03:01:23.409'),
(106, 'std106', 'a665a45920422f9d417e4867efdc4fb8a04a1f3fff1fa07e998e86f7f7a27ae3', 'student', 1, '2026-02-13 03:01:23.409'),
(107, 'std107', 'a665a45920422f9d417e4867efdc4fb8a04a1f3fff1fa07e998e86f7f7a27ae3', 'student', 1, '2026-02-13 03:01:23.409'),
(108, 'std108', 'a665a45920422f9d417e4867efdc4fb8a04a1f3fff1fa07e998e86f7f7a27ae3', 'student', 1, '2026-02-13 03:01:23.409'),
(109, 'std109', 'a665a45920422f9d417e4867efdc4fb8a04a1f3fff1fa07e998e86f7f7a27ae3', 'student', 1, '2026-02-13 03:01:23.409'),
(110, 'std110', 'a665a45920422f9d417e4867efdc4fb8a04a1f3fff1fa07e998e86f7f7a27ae3', 'student', 1, '2026-02-13 03:01:23.409'),
(111, 'std111', 'a665a45920422f9d417e4867efdc4fb8a04a1f3fff1fa07e998e86f7f7a27ae3', 'student', 1, '2026-02-13 03:01:23.409'),
(112, 'std112', 'a665a45920422f9d417e4867efdc4fb8a04a1f3fff1fa07e998e86f7f7a27ae3', 'student', 1, '2026-02-13 03:01:23.409'),
(113, 'std113', 'a665a45920422f9d417e4867efdc4fb8a04a1f3fff1fa07e998e86f7f7a27ae3', 'student', 1, '2026-02-13 03:01:23.409'),
(114, 'std114', 'a665a45920422f9d417e4867efdc4fb8a04a1f3fff1fa07e998e86f7f7a27ae3', 'student', 1, '2026-02-13 03:01:23.409'),
(115, 'std115', 'a665a45920422f9d417e4867efdc4fb8a04a1f3fff1fa07e998e86f7f7a27ae3', 'student', 1, '2026-02-13 03:01:23.409'),
(116, 'std116', 'a665a45920422f9d417e4867efdc4fb8a04a1f3fff1fa07e998e86f7f7a27ae3', 'student', 1, '2026-02-13 03:01:23.409'),
(117, 'std117', 'a665a45920422f9d417e4867efdc4fb8a04a1f3fff1fa07e998e86f7f7a27ae3', 'student', 1, '2026-02-13 03:01:23.409'),
(118, 'std118', 'a665a45920422f9d417e4867efdc4fb8a04a1f3fff1fa07e998e86f7f7a27ae3', 'student', 1, '2026-02-13 03:01:23.409'),
(119, 'std119', 'a665a45920422f9d417e4867efdc4fb8a04a1f3fff1fa07e998e86f7f7a27ae3', 'student', 1, '2026-02-13 03:01:23.409'),
(120, 'std120', 'a665a45920422f9d417e4867efdc4fb8a04a1f3fff1fa07e998e86f7f7a27ae3', 'student', 1, '2026-02-13 03:01:23.409'),
(121, 'std121', 'a665a45920422f9d417e4867efdc4fb8a04a1f3fff1fa07e998e86f7f7a27ae3', 'student', 1, '2026-02-13 03:01:23.409'),
(122, 'std122', 'a665a45920422f9d417e4867efdc4fb8a04a1f3fff1fa07e998e86f7f7a27ae3', 'student', 1, '2026-02-13 03:01:23.409'),
(123, 'std123', 'a665a45920422f9d417e4867efdc4fb8a04a1f3fff1fa07e998e86f7f7a27ae3', 'student', 1, '2026-02-13 03:01:23.409'),
(124, 'std124', 'a665a45920422f9d417e4867efdc4fb8a04a1f3fff1fa07e998e86f7f7a27ae3', 'student', 1, '2026-02-13 03:01:23.409'),
(125, 'std125', 'a665a45920422f9d417e4867efdc4fb8a04a1f3fff1fa07e998e86f7f7a27ae3', 'student', 1, '2026-02-13 03:01:23.409');
SET IDENTITY_INSERT [user] OFF;
GO

-- Data for branch
GO
SET IDENTITY_INSERT branch ON;
INSERT INTO branch ([BR_ID], [BR_NAME], [BR_LOC]) VALUES
(1, 'Cairo Branch', 'Nasr City'),
(2, 'Alex Branch', 'Sidi Gaber'),
(3, 'Smart Village', '6th October');
SET IDENTITY_INSERT branch OFF;
GO

-- Data for track
GO
SET IDENTITY_INSERT track ON;
INSERT INTO track ([TR_ID], [TR_NAME], [TR_DES]) VALUES
(1, 'Web Development', 'Full stack web dev'),
(2, 'Data Science', 'Python and ML'),
(3, 'Mobile Dev', 'Android and iOS'),
(4, 'Cloud Computing', 'Azure and AWS'),
(5, 'Cyber Security', 'Network security');
SET IDENTITY_INSERT track OFF;
GO

-- Data for branch_track
INSERT INTO branch_track ([BR_ID], [TR_ID], [ST_DATE]) VALUES
(1, 1, '2022-01-25'),
(1, 2, '2022-02-03'),
(1, 3, '2022-01-24'),
(1, 4, '2022-01-02'),
(1, 5, '2022-09-06'),
(2, 1, '2022-11-05'),
(2, 2, '2022-10-12'),
(2, 3, '2022-01-07'),
(2, 4, '2022-07-21'),
(2, 5, '2022-08-27'),
(3, 1, '2022-07-19'),
(3, 2, '2022-09-02'),
(3, 3, '2022-12-31'),
(3, 4, '2022-08-10'),
(3, 5, '2022-03-04');
GO

-- Data for intake
GO
SET IDENTITY_INSERT intake ON;
INSERT INTO intake ([IN_ID], [IN_NAME], [IN_year], [BR_ID], [TR_ID]) VALUES
(1, 'Intake 40', 2023, 1, 1),
(2, 'Intake 41', 2023, 1, 2),
(3, 'Intake 42', 2023, 1, 3),
(4, 'Intake 43', 2023, 1, 4),
(5, 'Intake 44', 2023, 1, 5);
SET IDENTITY_INSERT intake OFF;
GO

-- Data for course
GO
SET IDENTITY_INSERT course ON;
INSERT INTO course ([CRS_ID], [CRS_NAME], [CRS_DESC], [Max_Degree], [Min_Degree]) VALUES
(1, 'HTML/CSS', 'Web Basics', 100, 50),
(2, 'JavaScript', 'Frontend Logic', 100, 50),
(3, 'Python', 'Backend Logic', 100, 50),
(4, 'SQL', 'Database Fundamentals', 100, 50),
(5, 'Networking', 'Network Basics', 100, 50),
(6, 'Soft Skills', 'Communication', 50, 25);
SET IDENTITY_INSERT course OFF;
GO

-- Data for instructor
GO
SET IDENTITY_INSERT instructor ON;
INSERT INTO instructor ([INS_ID], [Usr_ID], [INS_NAME], [INS_EMAIL], [INS_PHONE], [Hire_Date], [Salary]) VALUES
(1, 6, 'Menna Ibrahim', 'MennaIbrahim@iti.gov.eg', '01116790208', '2022-07-31', 6876),
(2, 7, 'Ali Fawzy', 'AliFawzy@iti.gov.eg', '01275824834', '2020-06-17', 12357),
(3, 8, 'Amira Mohamed', 'AmiraMohamed@iti.gov.eg', '01218972625', '2021-06-08', 9384),
(4, 9, 'Sherif Ibrahim', 'SherifIbrahim@iti.gov.eg', '01561096204', '2019-03-01', 9896),
(5, 10, 'Ali Younis', 'AliYounis@iti.gov.eg', '01165581357', '2020-07-17', 13302),
(6, 11, 'Sherif Taha', 'SherifTaha@iti.gov.eg', '01580224319', '2018-01-21', 10222),
(7, 12, 'Amira Fawzy', 'AmiraFawzy@iti.gov.eg', '01159292480', '2018-08-21', 5935),
(8, 13, 'Hany Abdallah', 'HanyAbdallah@iti.gov.eg', '01281083207', '2021-01-04', 8532),
(9, 14, 'Dina Mustafa', 'DinaMustafa@iti.gov.eg', '01565682100', '2019-06-21', 10867),
(10, 15, 'Aya Salem', 'AyaSalem@iti.gov.eg', '01248216282', '2021-11-17', 10654),
(11, 16, 'Sherif Abdel-Aziz', 'SherifAbdel-Aziz@iti.gov.eg', '01151588573', '2020-06-08', 13770),
(12, 17, 'Aya El-Sayed', 'AyaEl-Sayed@iti.gov.eg', '01170105108', '2018-02-19', 14398),
(13, 18, 'Youssef Fawzy', 'YoussefFawzy@iti.gov.eg', '01260220828', '2020-11-28', 9412),
(14, 19, 'Sara Abdallah', 'SaraAbdallah@iti.gov.eg', '01278497970', '2019-12-04', 13733),
(15, 20, 'Mohamed Nassar', 'MohamedNassar@iti.gov.eg', '01030791226', '2021-10-29', 9870),
(16, 21, 'Ali Younis', 'AliYounis2@iti.gov.eg', '01247704021', '2018-04-09', 13701),
(17, 22, 'Hany Soliman', 'HanySoliman@iti.gov.eg', '01077006260', '2019-04-01', 12673),
(18, 23, 'Esraa Nassar', 'EsraaNassar@iti.gov.eg', '01299879091', '2018-09-04', 6551),
(19, 24, 'Reem Ali', 'ReemAli@iti.gov.eg', '01068446023', '2020-07-31', 11210),
(20, 25, 'Aya Othman', 'AyaOthman@iti.gov.eg', '01277198216', '2019-02-20', 13482);
SET IDENTITY_INSERT instructor OFF;
GO

-- Data for training_manager
GO
SET IDENTITY_INSERT training_manager ON;
INSERT INTO training_manager ([MGR_ID], [Usr_ID], [MGR_NAME], [MGR_EMAIL], [MGR_PHONE]) VALUES
(1, 1, 'Esraa Ahmed', 'EsraaAhmed@iti.gov.eg', '01281984675'),
(2, 2, 'Hany Abdel-Aziz', 'HanyAbdel-Aziz@iti.gov.eg', '01212154026'),
(3, 3, 'Mahmoud Nassar', 'MahmoudNassar@iti.gov.eg', '01259396661'),
(4, 4, 'Sayed Amer', 'SayedAmer@iti.gov.eg', '01237500295'),
(5, 5, 'Esraa Amer', 'EsraaAmer@iti.gov.eg', '01549090008');
SET IDENTITY_INSERT training_manager OFF;
GO

-- Data for student
GO
SET IDENTITY_INSERT student ON;
INSERT INTO student ([STD_ID], [USR_ID], [STD_NAME], [STD_EMAIL], [STD_PHONE], [STD_ADD], [DOB], [IN_ID]) VALUES
(1, 26, 'Khaled Ibrahim', 'KhaledIbrahim@gmail.com', '01088637745', '5 Nile St, Luxor', '1998-10-11', 2),
(2, 27, 'Sameh Soliman', 'SamehSoliman@gmail.com', '01082335136', '28 Ramses St, Suez', '1999-07-13', 5),
(3, 28, 'Ahmed Ibrahim', 'AhmedIbrahim@gmail.com', '01069353316', '97 Nile St, Shubra', '2001-07-04', 5),
(4, 29, 'Amira Taha', 'AmiraTaha@gmail.com', '01296718095', '72 Nile St, Aswan', '1997-08-31', 5),
(5, 30, 'Mahmoud Nassar', 'MahmoudNassar@gmail.com', '01526163400', '47 El Tahrir St, Port Said', '2001-10-24', 5),
(6, 31, 'Mona El-Sayed', 'MonaEl-Sayed@gmail.com', '01128575177', '21 El Gezira St, Cairo', '1998-11-19', 2),
(7, 32, 'Sameh Mohamed', 'SamehMohamed@gmail.com', '01049408494', '86 Nile St, Cairo', '1999-04-13', 5),
(8, 33, 'Sameh Othman', 'SamehOthman@gmail.com', '01539633259', '59 Ramses St, Giza', '1998-02-06', 5),
(9, 34, 'Noha Amer', 'NohaAmer@gmail.com', '01070104094', '81 El Gezira St, Tanta', '1998-12-01', 2),
(10, 35, 'Ali El-Sayed', 'AliEl-Sayed@gmail.com', '01166851230', '78 El Tahrir St, Alexandria', '1995-12-12', 1),
(11, 36, 'Hany Ahmed', 'HanyAhmed@gmail.com', '01294554293', '31 Pyramids St, Alexandria', '1998-03-14', 5),
(12, 37, 'Salma Ibrahim', 'SalmaIbrahim@gmail.com', '01030315481', '67 Nile St, Suez', '1997-09-11', 1),
(13, 38, 'Ahmed Abdallah', 'AhmedAbdallah@gmail.com', '01229738310', '62 Pyramids St, Giza', '2000-08-31', 3),
(14, 39, 'Nada Ibrahim', 'NadaIbrahim@gmail.com', '01221036888', '29 Nile St, Aswan', '1995-05-07', 4),
(15, 40, 'Mai Mustafa', 'MaiMustafa@gmail.com', '01124998059', '41 Pyramids St, Suez', '1995-12-11', 1),
(16, 41, 'Ali Helmy', 'AliHelmy@gmail.com', '01236619762', '29 El Tahrir St, Suez', '1999-12-21', 5),
(17, 42, 'Nour Ali', 'NourAli@gmail.com', '01072329090', '29 El Gezira St, Mansoura', '1995-10-29', 4),
(18, 43, 'Reem Mustafa', 'ReemMustafa@gmail.com', '01218717163', '10 Pyramids St, Mansoura', '1997-08-21', 3),
(19, 44, 'Omar Othman', 'OmarOthman@gmail.com', '01148647573', '95 El Gezira St, Cairo', '1997-01-05', 1),
(20, 45, 'Mariam Fawzy', 'MariamFawzy@gmail.com', '01565591187', '51 El Tahrir St, Luxor', '1999-02-07', 3),
(21, 46, 'Amira Younis', 'AmiraYounis@gmail.com', '01263445335', '81 Pyramids St, Suez', '2000-10-03', 1),
(22, 47, 'Amr Amer', 'AmrAmer@gmail.com', '01283473594', '69 Ramses St, Cairo', '2000-05-29', 4),
(23, 48, 'Ali Younis', 'AliYounis@gmail.com', '01036767934', '29 Ramses St, Giza', '2000-11-17', 2),
(24, 49, 'Tarek Amer', 'TarekAmer@gmail.com', '01071913955', '42 El Tahrir St, Tanta', '1998-02-09', 4),
(25, 50, 'Ali Salem', 'AliSalem@gmail.com', '01294887992', '52 El Gezira St, Luxor', '1996-01-01', 5),
(26, 51, 'Amr Younis', 'AmrYounis@gmail.com', '01065886080', '3 El Tahrir St, Luxor', '1999-08-23', 4),
(27, 52, 'Tarek Fawzy', 'TarekFawzy@gmail.com', '01131038406', '17 El Tahrir St, Port Said', '1996-10-19', 4),
(28, 53, 'Sayed Nassar', 'SayedNassar@gmail.com', '01151903301', '72 El Gezira St, Aswan', '1998-12-04', 1),
(29, 54, 'Amr Amer', 'AmrAmer2@gmail.com', '01297724888', '49 Pyramids St, Aswan', '1999-06-23', 4),
(30, 55, 'Heba Othman', 'HebaOthman@gmail.com', '01278322365', '98 Ramses St, Tanta', '2001-03-05', 5),
(31, 56, 'Hassan Othman', 'HassanOthman@gmail.com', '01255308372', '16 Pyramids St, Cairo', '1999-04-02', 1),
(32, 57, 'Tarek Fawzy', 'TarekFawzy1@gmail.com', '01182297099', '39 Nile St, Aswan', '1997-06-26', 4),
(33, 58, 'Aya Abdallah', 'AyaAbdallah@gmail.com', '01291535737', '11 Pyramids St, Alexandria', '1996-12-24', 2),
(34, 59, 'Moustafa Nassar', 'MoustafaNassar@gmail.com', '01518438992', '66 El Tahrir St, Alexandria', '1996-08-11', 1),
(35, 60, 'Mahmoud Younis', 'MahmoudYounis@gmail.com', '01298078556', '70 El Tahrir St, Mansoura', '1998-08-17', 5),
(36, 61, 'Aya Younis', 'AyaYounis@gmail.com', '01534850551', '31 Nile St, Suez', '1999-09-11', 2),
(37, 62, 'Emad El-Sayed', 'EmadEl-Sayed@gmail.com', '01598678901', '16 Ramses St, Alexandria', '1998-12-24', 4),
(38, 63, 'Sayed Mahmoud', 'SayedMahmoud@gmail.com', '01076864552', '36 Nile St, Cairo', '2001-09-19', 2),
(39, 64, 'Aya Mohamed', 'AyaMohamed@gmail.com', '01572172648', '78 Nile St, Tanta', '1996-09-30', 3),
(40, 65, 'Amr Abdel-Aziz', 'AmrAbdel-Aziz@gmail.com', '01142707100', '82 Nile St, Luxor', '2000-05-08', 5),
(41, 66, 'Amr Othman', 'AmrOthman@gmail.com', '01019957354', '64 El Tahrir St, Alexandria', '2001-07-16', 3),
(42, 67, 'Omar El-Sayed', 'OmarEl-Sayed@gmail.com', '01244657464', '95 El Tahrir St, Alexandria', '2000-01-27', 3),
(43, 68, 'Mona Fawzy', 'MonaFawzy@gmail.com', '01562827255', '33 El Tahrir St, Suez', '1997-09-27', 3),
(44, 69, 'Emad Hassan', 'EmadHassan@gmail.com', '01132258020', '80 El Tahrir St, Giza', '1997-02-02', 5),
(45, 70, 'Aya Ahmed', 'AyaAhmed@gmail.com', '01555489589', '26 Nile St, Shubra', '1995-07-12', 4),
(46, 71, 'Emad El-Sayed', 'EmadEl-Sayed1@gmail.com', '01562465469', '59 Ramses St, Cairo', '1997-01-03', 3),
(47, 72, 'Amira Salem', 'AmiraSalem@gmail.com', '01011252868', '58 Nile St, Luxor', '1995-09-20', 5),
(48, 73, 'Mona Amer', 'MonaAmer@gmail.com', '01016214807', '92 Nile St, Giza', '1998-08-13', 2),
(49, 74, 'Heba Mohamed', 'HebaMohamed@gmail.com', '01288576170', '37 El Tahrir St, Aswan', '2000-10-23', 2),
(50, 75, 'Nour Abdel-Aziz', 'NourAbdel-Aziz@gmail.com', '01020723387', '10 Pyramids St, Tanta', '1997-06-21', 2),
(51, 76, 'Hassan Mahmoud', 'HassanMahmoud@gmail.com', '01180980886', '6 Nile St, Mansoura', '2000-04-09', 4),
(52, 77, 'Mahmoud El-Sayed', 'MahmoudEl-Sayed@gmail.com', '01187018991', '54 Ramses St, Suez', '2000-01-25', 5),
(53, 78, 'Tarek Ibrahim', 'TarekIbrahim@gmail.com', '01067086605', '18 Pyramids St, Suez', '2001-03-31', 1),
(54, 79, 'Nada Mustafa', 'NadaMustafa@gmail.com', '01515543653', '63 Ramses St, Aswan', '1999-03-31', 4),
(55, 80, 'Mai El-Sayed', 'MaiEl-Sayed@gmail.com', '01139015707', '67 El Gezira St, Alexandria', '2000-12-28', 4),
(56, 81, 'Amr Hassan', 'AmrHassan@gmail.com', '01032002351', '98 Nile St, Shubra', '2001-08-04', 1),
(57, 82, 'Mahmoud Soliman', 'MahmoudSoliman@gmail.com', '01288980218', '16 El Tahrir St, Mansoura', '1996-05-09', 2),
(58, 83, 'Dina Mohamed', 'DinaMohamed@gmail.com', '01556156802', '73 El Tahrir St, Mansoura', '1999-01-22', 2),
(59, 84, 'Omar El-Sayed', 'OmarEl-Sayed1@gmail.com', '01252101839', '14 El Tahrir St, Tanta', '1997-01-03', 4),
(60, 85, 'Aya Salem', 'AyaSalem@gmail.com', '01151176042', '15 Pyramids St, Alexandria', '1996-05-26', 4),
(61, 86, 'Fatma Othman', 'FatmaOthman@gmail.com', '01137042638', '13 Nile St, Shubra', '1995-06-18', 1),
(62, 87, 'Heba Taha', 'HebaTaha@gmail.com', '01037039014', '14 El Tahrir St, Suez', '2000-09-18', 1),
(63, 88, 'Ibrahim Taha', 'IbrahimTaha@gmail.com', '01016188529', '65 Pyramids St, Cairo', '1999-07-03', 3),
(64, 89, 'Mai Hassan', 'MaiHassan@gmail.com', '01261327931', '9 Nile St, Port Said', '1996-09-28', 5),
(65, 90, 'Amr Helmy', 'AmrHelmy@gmail.com', '01070062898', '20 Ramses St, Cairo', '1998-04-21', 5),
(66, 91, 'Omar Mahmoud', 'OmarMahmoud@gmail.com', '01273190820', '26 Pyramids St, Luxor', '1999-09-28', 5),
(67, 92, 'Yasmine Hassan', 'YasmineHassan@gmail.com', '01198912257', '67 Ramses St, Giza', '1999-03-04', 5),
(68, 93, 'Sayed Ahmed', 'SayedAhmed@gmail.com', '01531413233', '96 Ramses St, Giza', '1997-01-12', 2),
(69, 94, 'Nour Amer', 'NourAmer@gmail.com', '01520543050', '22 Ramses St, Port Said', '2000-03-13', 2),
(70, 95, 'Sherouk Fawzy', 'SheroukFawzy@gmail.com', '01257938909', '85 Ramses St, Alexandria', '1995-04-06', 3),
(71, 96, 'Hassan Taha', 'HassanTaha@gmail.com', '01196814573', '35 Pyramids St, Tanta', '1999-10-17', 2),
(72, 97, 'Nour Ibrahim', 'NourIbrahim@gmail.com', '01073508098', '71 El Gezira St, Suez', '2000-01-13', 5),
(73, 98, 'Fatma Othman', 'FatmaOthman1@gmail.com', '01036008142', '54 Ramses St, Cairo', '1999-08-08', 3),
(74, 99, 'Esraa Othman', 'EsraaOthman@gmail.com', '01092368719', '23 El Gezira St, Port Said', '1995-04-26', 2),
(75, 100, 'Sherif Ali', 'SherifAli@gmail.com', '01024286752', '76 El Tahrir St, Port Said', '1999-07-26', 2),
(76, 101, 'Salma Hassan', 'SalmaHassan@gmail.com', '01188839147', '81 Ramses St, Mansoura', '1999-12-29', 5),
(77, 102, 'Ali Soliman', 'AliSoliman@gmail.com', '01570140913', '87 El Gezira St, Port Said', '2000-08-15', 4),
(78, 103, 'Esraa Mahmoud', 'EsraaMahmoud@gmail.com', '01234816696', '1 Ramses St, Suez', '1999-04-07', 3),
(79, 104, 'Yasmine Younis', 'YasmineYounis@gmail.com', '01546448279', '92 Nile St, Giza', '2000-02-10', 3),
(80, 105, 'Mohamed Mahmoud', 'MohamedMahmoud@gmail.com', '01250032629', '1 Nile St, Giza', '2001-08-21', 2),
(81, 106, 'Esraa Abdel-Aziz', 'EsraaAbdel-Aziz@gmail.com', '01587151186', '28 El Tahrir St, Tanta', '1995-07-27', 4),
(82, 107, 'Moustafa Amer', 'MoustafaAmer@gmail.com', '01547978778', '33 Nile St, Luxor', '2000-12-07', 3),
(83, 108, 'Nada Mohamed', 'NadaMohamed@gmail.com', '01117203827', '3 Nile St, Aswan', '1995-01-26', 4),
(84, 109, 'Khaled Taha', 'KhaledTaha@gmail.com', '01177146074', '32 El Tahrir St, Port Said', '1999-06-05', 2),
(85, 110, 'Karim Younis', 'KarimYounis@gmail.com', '01535693027', '91 Pyramids St, Port Said', '1995-04-27', 2),
(86, 111, 'Karim Abdel-Aziz', 'KarimAbdel-Aziz@gmail.com', '01528375313', '47 Nile St, Port Said', '1997-08-06', 2),
(87, 112, 'Heba Ali', 'HebaAli@gmail.com', '01255659165', '83 El Gezira St, Port Said', '1998-10-29', 5),
(88, 113, 'Sameh Ibrahim', 'SamehIbrahim@gmail.com', '01144951719', '90 El Gezira St, Port Said', '2000-08-31', 3),
(89, 114, 'Sameh Abdel-Aziz', 'SamehAbdel-Aziz@gmail.com', '01581953707', '93 Ramses St, Port Said', '2000-06-30', 3),
(90, 115, 'Ibrahim Ahmed', 'IbrahimAhmed@gmail.com', '01585228624', '13 El Tahrir St, Shubra', '1996-04-23', 3),
(91, 116, 'Karim Mustafa', 'KarimMustafa@gmail.com', '01126647262', '48 Pyramids St, Suez', '1998-06-30', 5),
(92, 117, 'Fatma Amer', 'FatmaAmer@gmail.com', '01230845606', '32 Pyramids St, Alexandria', '1999-06-27', 1),
(93, 118, 'Reem Abdallah', 'ReemAbdallah@gmail.com', '01088219825', '62 Nile St, Shubra', '2001-01-28', 2),
(94, 119, 'Wael Othman', 'WaelOthman@gmail.com', '01280294061', '36 El Gezira St, Shubra', '1997-03-23', 5),
(95, 120, 'Menna Ibrahim', 'MennaIbrahim@gmail.com', '01545481678', '60 Ramses St, Suez', '1997-06-21', 4),
(96, 121, 'Sayed Salem', 'SayedSalem@gmail.com', '01025673019', '65 El Gezira St, Cairo', '1999-05-22', 3),
(97, 122, 'Menna Abdel-Aziz', 'MennaAbdel-Aziz@gmail.com', '01287039552', '50 Ramses St, Aswan', '2001-04-01', 5),
(98, 123, 'Omar Ali', 'OmarAli@gmail.com', '01157000438', '33 Pyramids St, Luxor', '1998-08-08', 1),
(99, 124, 'Hussein Abdallah', 'HusseinAbdallah@gmail.com', '01548016425', '66 Pyramids St, Luxor', '2000-03-18', 1),
(100, 125, 'Hassan Ibrahim', 'HassanIbrahim@gmail.com', '01255611396', '20 Nile St, Suez', '1998-04-12', 2);
SET IDENTITY_INSERT student OFF;
GO

-- Data for instructor_Course
INSERT INTO instructor_Course ([INS_ID], [CRS_ID], [IN_ID]) VALUES
(7, 1, 1),
(10, 2, 1),
(5, 3, 1),
(4, 4, 1),
(20, 5, 1),
(18, 6, 1),
(6, 1, 2),
(10, 2, 2),
(6, 3, 2),
(17, 4, 2),
(13, 5, 2),
(4, 6, 2),
(10, 1, 3),
(9, 2, 3),
(4, 3, 3),
(19, 4, 3),
(20, 5, 3),
(14, 6, 3),
(14, 1, 4),
(7, 2, 4),
(1, 3, 4),
(17, 4, 4),
(7, 5, 4),
(5, 6, 4),
(11, 1, 5),
(20, 2, 5),
(15, 3, 5),
(2, 4, 5),
(9, 5, 5),
(16, 6, 5);
GO

-- Data for exam
GO
SET IDENTITY_INSERT exam ON;
INSERT INTO exam ([EX_ID], [EX_TYPE], [CRS_ID], [INS_ID], [IN_ID], [EX_DATE], [Start_Time], [End_Time], [Total_Time], [Total_Degree], [Year], [Allowance_Options]) VALUES
(1, 'Exam', 3, 5, 1, '2023-03-10', '09:00:00', '11:00:00', 120, 100, 2023, NULL),
(2, 'Exam', 4, 4, 1, '2023-04-19', '09:00:00', '11:00:00', 120, 100, 2023, NULL),
(3, 'Exam', 5, 20, 1, '2023-09-17', '09:00:00', '11:00:00', 120, 100, 2023, NULL),
(4, 'Exam', 1, 6, 2, '2023-06-14', '09:00:00', '11:00:00', 120, 100, 2023, NULL),
(5, 'Exam', 3, 6, 2, '2023-05-14', '09:00:00', '11:00:00', 120, 100, 2023, NULL),
(6, 'Exam', 4, 17, 2, '2023-07-07', '09:00:00', '11:00:00', 120, 100, 2023, NULL),
(7, 'Exam', 5, 13, 2, '2023-08-09', '09:00:00', '11:00:00', 120, 100, 2023, NULL),
(8, 'Exam', 6, 4, 2, '2023-10-27', '09:00:00', '11:00:00', 120, 100, 2023, NULL),
(9, 'Exam', 3, 4, 3, '2023-10-14', '09:00:00', '11:00:00', 120, 100, 2023, NULL),
(10, 'Exam', 5, 20, 3, '2023-04-14', '09:00:00', '11:00:00', 120, 100, 2023, NULL),
(11, 'Exam', 6, 14, 3, '2023-04-15', '09:00:00', '11:00:00', 120, 100, 2023, NULL),
(12, 'Exam', 1, 14, 4, '2023-01-16', '09:00:00', '11:00:00', 120, 100, 2023, NULL),
(13, 'Exam', 2, 7, 4, '2023-10-30', '09:00:00', '11:00:00', 120, 100, 2023, NULL),
(14, 'Exam', 3, 1, 4, '2023-10-26', '09:00:00', '11:00:00', 120, 100, 2023, NULL),
(15, 'Exam', 4, 17, 4, '2023-03-30', '09:00:00', '11:00:00', 120, 100, 2023, NULL),
(16, 'Exam', 5, 7, 4, '2023-10-26', '09:00:00', '11:00:00', 120, 100, 2023, NULL),
(17, 'Exam', 2, 20, 5, '2023-03-27', '09:00:00', '11:00:00', 120, 100, 2023, NULL),
(18, 'Exam', 3, 15, 5, '2023-03-05', '09:00:00', '11:00:00', 120, 100, 2023, NULL),
(19, 'Exam', 4, 2, 5, '2023-10-27', '09:00:00', '11:00:00', 120, 100, 2023, NULL),
(20, 'Exam', 5, 9, 5, '2023-11-03', '09:00:00', '11:00:00', 120, 100, 2023, NULL),
(21, 'Exam', 6, 16, 5, '2023-09-11', '09:00:00', '11:00:00', 120, 100, 2023, NULL);
SET IDENTITY_INSERT exam OFF;
GO

-- Data for question
GO
SET IDENTITY_INSERT question ON;
INSERT INTO question ([Q_ID], [Q_TEXT], [Q_TYPE], [Correct_Answer], [CRS_ID], [Created_By], [Created_Date]) VALUES
(1, 'Question 1 content for HTML/CSS', 'TrueFalse', 'b', 1, 7, '2026-02-13 03:01:23.409'),
(2, 'Question 2 content for HTML/CSS', 'MCQ', 'd', 1, 7, '2026-02-13 03:01:23.409'),
(3, 'Question 3 content for HTML/CSS', 'TrueFalse', 'a', 1, 7, '2026-02-13 03:01:23.409'),
(4, 'Question 4 content for HTML/CSS', 'Text', 'Model Answer Text', 1, 7, '2026-02-13 03:01:23.409'),
(5, 'Question 5 content for HTML/CSS', 'Text', 'Model Answer Text', 1, 7, '2026-02-13 03:01:23.409'),
(6, 'Question 6 content for HTML/CSS', 'MCQ', 'a', 1, 7, '2026-02-13 03:01:23.409'),
(7, 'Question 7 content for HTML/CSS', 'MCQ', 'b', 1, 7, '2026-02-13 03:01:23.409'),
(8, 'Question 8 content for HTML/CSS', 'TrueFalse', 'a', 1, 7, '2026-02-13 03:01:23.409'),
(9, 'Question 9 content for HTML/CSS', 'Text', 'Model Answer Text', 1, 7, '2026-02-13 03:01:23.409'),
(10, 'Question 10 content for HTML/CSS', 'MCQ', 'c', 1, 7, '2026-02-13 03:01:23.409'),
(11, 'Question 11 content for JavaScript', 'Text', 'Model Answer Text', 2, 10, '2026-02-13 03:01:23.409'),
(12, 'Question 12 content for JavaScript', 'MCQ', 'd', 2, 10, '2026-02-13 03:01:23.409'),
(13, 'Question 13 content for JavaScript', 'TrueFalse', 'b', 2, 10, '2026-02-13 03:01:23.409'),
(14, 'Question 14 content for JavaScript', 'MCQ', 'b', 2, 10, '2026-02-13 03:01:23.409'),
(15, 'Question 15 content for JavaScript', 'MCQ', 'd', 2, 10, '2026-02-13 03:01:23.409'),
(16, 'Question 16 content for JavaScript', 'Text', 'Model Answer Text', 2, 10, '2026-02-13 03:01:23.409'),
(17, 'Question 17 content for JavaScript', 'Text', 'Model Answer Text', 2, 10, '2026-02-13 03:01:23.409'),
(18, 'Question 18 content for JavaScript', 'MCQ', 'a', 2, 10, '2026-02-13 03:01:23.409'),
(19, 'Question 19 content for JavaScript', 'TrueFalse', 'a', 2, 10, '2026-02-13 03:01:23.409'),
(20, 'Question 20 content for JavaScript', 'MCQ', 'd', 2, 10, '2026-02-13 03:01:23.409'),
(21, 'Question 21 content for Python', 'MCQ', 'd', 3, 5, '2026-02-13 03:01:23.409'),
(22, 'Question 22 content for Python', 'MCQ', 'd', 3, 5, '2026-02-13 03:01:23.409'),
(23, 'Question 23 content for Python', 'Text', 'Model Answer Text', 3, 5, '2026-02-13 03:01:23.409'),
(24, 'Question 24 content for Python', 'TrueFalse', 'b', 3, 5, '2026-02-13 03:01:23.409'),
(25, 'Question 25 content for Python', 'Text', 'Model Answer Text', 3, 5, '2026-02-13 03:01:23.409'),
(26, 'Question 26 content for Python', 'MCQ', 'b', 3, 5, '2026-02-13 03:01:23.409'),
(27, 'Question 27 content for Python', 'TrueFalse', 'b', 3, 5, '2026-02-13 03:01:23.409'),
(28, 'Question 28 content for Python', 'TrueFalse', 'b', 3, 5, '2026-02-13 03:01:23.409'),
(29, 'Question 29 content for Python', 'TrueFalse', 'b', 3, 5, '2026-02-13 03:01:23.409'),
(30, 'Question 30 content for Python', 'MCQ', 'a', 3, 5, '2026-02-13 03:01:23.409'),
(31, 'Question 31 content for SQL', 'Text', 'Model Answer Text', 4, 4, '2026-02-13 03:01:23.409'),
(32, 'Question 32 content for SQL', 'Text', 'Model Answer Text', 4, 4, '2026-02-13 03:01:23.409'),
(33, 'Question 33 content for SQL', 'MCQ', 'd', 4, 4, '2026-02-13 03:01:23.409'),
(34, 'Question 34 content for SQL', 'TrueFalse', 'b', 4, 4, '2026-02-13 03:01:23.409'),
(35, 'Question 35 content for SQL', 'MCQ', 'c', 4, 4, '2026-02-13 03:01:23.409'),
(36, 'Question 36 content for SQL', 'TrueFalse', 'b', 4, 4, '2026-02-13 03:01:23.409'),
(37, 'Question 37 content for SQL', 'MCQ', 'b', 4, 4, '2026-02-13 03:01:23.409'),
(38, 'Question 38 content for SQL', 'Text', 'Model Answer Text', 4, 4, '2026-02-13 03:01:23.409'),
(39, 'Question 39 content for SQL', 'Text', 'Model Answer Text', 4, 4, '2026-02-13 03:01:23.409'),
(40, 'Question 40 content for SQL', 'MCQ', 'c', 4, 4, '2026-02-13 03:01:23.410'),
(41, 'Question 41 content for Networking', 'MCQ', 'b', 5, 20, '2026-02-13 03:01:23.410'),
(42, 'Question 42 content for Networking', 'Text', 'Model Answer Text', 5, 20, '2026-02-13 03:01:23.410'),
(43, 'Question 43 content for Networking', 'MCQ', 'c', 5, 20, '2026-02-13 03:01:23.410'),
(44, 'Question 44 content for Networking', 'TrueFalse', 'b', 5, 20, '2026-02-13 03:01:23.410'),
(45, 'Question 45 content for Networking', 'Text', 'Model Answer Text', 5, 20, '2026-02-13 03:01:23.410'),
(46, 'Question 46 content for Networking', 'MCQ', 'b', 5, 20, '2026-02-13 03:01:23.410'),
(47, 'Question 47 content for Networking', 'MCQ', 'a', 5, 20, '2026-02-13 03:01:23.410'),
(48, 'Question 48 content for Networking', 'TrueFalse', 'b', 5, 20, '2026-02-13 03:01:23.410'),
(49, 'Question 49 content for Networking', 'Text', 'Model Answer Text', 5, 20, '2026-02-13 03:01:23.410'),
(50, 'Question 50 content for Networking', 'TrueFalse', 'a', 5, 20, '2026-02-13 03:01:23.410'),
(51, 'Question 51 content for Soft Skills', 'Text', 'Model Answer Text', 6, 18, '2026-02-13 03:01:23.410'),
(52, 'Question 52 content for Soft Skills', 'Text', 'Model Answer Text', 6, 18, '2026-02-13 03:01:23.410'),
(53, 'Question 53 content for Soft Skills', 'Text', 'Model Answer Text', 6, 18, '2026-02-13 03:01:23.410'),
(54, 'Question 54 content for Soft Skills', 'MCQ', 'b', 6, 18, '2026-02-13 03:01:23.410'),
(55, 'Question 55 content for Soft Skills', 'MCQ', 'a', 6, 18, '2026-02-13 03:01:23.410'),
(56, 'Question 56 content for Soft Skills', 'Text', 'Model Answer Text', 6, 18, '2026-02-13 03:01:23.410'),
(57, 'Question 57 content for Soft Skills', 'Text', 'Model Answer Text', 6, 18, '2026-02-13 03:01:23.410'),
(58, 'Question 58 content for Soft Skills', 'TrueFalse', 'b', 6, 18, '2026-02-13 03:01:23.410'),
(59, 'Question 59 content for Soft Skills', 'Text', 'Model Answer Text', 6, 18, '2026-02-13 03:01:23.410'),
(60, 'Question 60 content for Soft Skills', 'Text', 'Model Answer Text', 6, 18, '2026-02-13 03:01:23.410');
SET IDENTITY_INSERT question OFF;
GO

-- Data for Question_Choices
GO
SET IDENTITY_INSERT Question_Choices ON;
INSERT INTO Question_Choices ([CH_ID], [Q_ID], [Choice_Text], [Choice_Order]) VALUES
(1, 1, 'True', 'a'),
(2, 1, 'False', 'b'),
(3, 2, 'Option a', 'a'),
(4, 2, 'Option b', 'b'),
(5, 2, 'Option c', 'c'),
(6, 2, 'Option d', 'd'),
(7, 3, 'True', 'a'),
(8, 3, 'False', 'b'),
(9, 6, 'Option a', 'a'),
(10, 6, 'Option b', 'b'),
(11, 6, 'Option c', 'c'),
(12, 6, 'Option d', 'd'),
(13, 7, 'Option a', 'a'),
(14, 7, 'Option b', 'b'),
(15, 7, 'Option c', 'c'),
(16, 7, 'Option d', 'd'),
(17, 8, 'True', 'a'),
(18, 8, 'False', 'b'),
(19, 10, 'Option a', 'a'),
(20, 10, 'Option b', 'b'),
(21, 10, 'Option c', 'c'),
(22, 10, 'Option d', 'd'),
(23, 12, 'Option a', 'a'),
(24, 12, 'Option b', 'b'),
(25, 12, 'Option c', 'c'),
(26, 12, 'Option d', 'd'),
(27, 13, 'True', 'a'),
(28, 13, 'False', 'b'),
(29, 14, 'Option a', 'a'),
(30, 14, 'Option b', 'b'),
(31, 14, 'Option c', 'c'),
(32, 14, 'Option d', 'd'),
(33, 15, 'Option a', 'a'),
(34, 15, 'Option b', 'b'),
(35, 15, 'Option c', 'c'),
(36, 15, 'Option d', 'd'),
(37, 18, 'Option a', 'a'),
(38, 18, 'Option b', 'b'),
(39, 18, 'Option c', 'c'),
(40, 18, 'Option d', 'd'),
(41, 19, 'True', 'a'),
(42, 19, 'False', 'b'),
(43, 20, 'Option a', 'a'),
(44, 20, 'Option b', 'b'),
(45, 20, 'Option c', 'c'),
(46, 20, 'Option d', 'd'),
(47, 21, 'Option a', 'a'),
(48, 21, 'Option b', 'b'),
(49, 21, 'Option c', 'c'),
(50, 21, 'Option d', 'd'),
(51, 22, 'Option a', 'a'),
(52, 22, 'Option b', 'b'),
(53, 22, 'Option c', 'c'),
(54, 22, 'Option d', 'd'),
(55, 24, 'True', 'a'),
(56, 24, 'False', 'b'),
(57, 26, 'Option a', 'a'),
(58, 26, 'Option b', 'b'),
(59, 26, 'Option c', 'c'),
(60, 26, 'Option d', 'd'),
(61, 27, 'True', 'a'),
(62, 27, 'False', 'b'),
(63, 28, 'True', 'a'),
(64, 28, 'False', 'b'),
(65, 29, 'True', 'a'),
(66, 29, 'False', 'b'),
(67, 30, 'Option a', 'a'),
(68, 30, 'Option b', 'b'),
(69, 30, 'Option c', 'c'),
(70, 30, 'Option d', 'd'),
(71, 33, 'Option a', 'a'),
(72, 33, 'Option b', 'b'),
(73, 33, 'Option c', 'c'),
(74, 33, 'Option d', 'd'),
(75, 34, 'True', 'a'),
(76, 34, 'False', 'b'),
(77, 35, 'Option a', 'a'),
(78, 35, 'Option b', 'b'),
(79, 35, 'Option c', 'c'),
(80, 35, 'Option d', 'd'),
(81, 36, 'True', 'a'),
(82, 36, 'False', 'b'),
(83, 37, 'Option a', 'a'),
(84, 37, 'Option b', 'b'),
(85, 37, 'Option c', 'c'),
(86, 37, 'Option d', 'd'),
(87, 40, 'Option a', 'a'),
(88, 40, 'Option b', 'b'),
(89, 40, 'Option c', 'c'),
(90, 40, 'Option d', 'd'),
(91, 41, 'Option a', 'a'),
(92, 41, 'Option b', 'b'),
(93, 41, 'Option c', 'c'),
(94, 41, 'Option d', 'd'),
(95, 43, 'Option a', 'a'),
(96, 43, 'Option b', 'b'),
(97, 43, 'Option c', 'c'),
(98, 43, 'Option d', 'd'),
(99, 44, 'True', 'a'),
(100, 44, 'False', 'b');
INSERT INTO Question_Choices ([CH_ID], [Q_ID], [Choice_Text], [Choice_Order]) VALUES
(101, 46, 'Option a', 'a'),
(102, 46, 'Option b', 'b'),
(103, 46, 'Option c', 'c'),
(104, 46, 'Option d', 'd'),
(105, 47, 'Option a', 'a'),
(106, 47, 'Option b', 'b'),
(107, 47, 'Option c', 'c'),
(108, 47, 'Option d', 'd'),
(109, 48, 'True', 'a'),
(110, 48, 'False', 'b'),
(111, 50, 'True', 'a'),
(112, 50, 'False', 'b'),
(113, 54, 'Option a', 'a'),
(114, 54, 'Option b', 'b'),
(115, 54, 'Option c', 'c'),
(116, 54, 'Option d', 'd'),
(117, 55, 'Option a', 'a'),
(118, 55, 'Option b', 'b'),
(119, 55, 'Option c', 'c'),
(120, 55, 'Option d', 'd'),
(121, 58, 'True', 'a'),
(122, 58, 'False', 'b');
SET IDENTITY_INSERT Question_Choices OFF;
GO

-- Data for Exam_Question
INSERT INTO Exam_Question ([EX_ID], [Q_ID], [Q_DEGREE]) VALUES
(1, 21, 20),
(1, 28, 20),
(1, 29, 20),
(1, 27, 20),
(1, 23, 20),
(2, 34, 20),
(2, 31, 20),
(2, 39, 20),
(2, 33, 20),
(2, 38, 20),
(3, 45, 20),
(3, 49, 20),
(3, 48, 20),
(3, 41, 20),
(3, 42, 20),
(4, 7, 20),
(4, 2, 20),
(4, 4, 20),
(4, 10, 20),
(4, 6, 20),
(5, 28, 20),
(5, 24, 20),
(5, 25, 20),
(5, 22, 20),
(5, 21, 20),
(6, 33, 20),
(6, 39, 20),
(6, 35, 20),
(6, 38, 20),
(6, 32, 20),
(7, 45, 20),
(7, 44, 20),
(7, 47, 20),
(7, 43, 20),
(7, 50, 20),
(8, 57, 20),
(8, 54, 20),
(8, 59, 20),
(8, 52, 20),
(8, 56, 20),
(9, 25, 20),
(9, 30, 20),
(9, 26, 20),
(9, 23, 20),
(9, 27, 20),
(10, 48, 20),
(10, 46, 20),
(10, 44, 20),
(10, 49, 20),
(10, 43, 20),
(11, 60, 20),
(11, 53, 20),
(11, 54, 20),
(11, 52, 20),
(11, 51, 20),
(12, 3, 20),
(12, 8, 20),
(12, 1, 20),
(12, 9, 20),
(12, 6, 20),
(13, 12, 20),
(13, 17, 20),
(13, 19, 20),
(13, 16, 20),
(13, 14, 20),
(14, 25, 20),
(14, 30, 20),
(14, 21, 20),
(14, 28, 20),
(14, 22, 20),
(15, 36, 20),
(15, 37, 20),
(15, 38, 20),
(15, 34, 20),
(15, 33, 20),
(16, 49, 20),
(16, 47, 20),
(16, 44, 20),
(16, 42, 20),
(16, 41, 20),
(17, 18, 20),
(17, 12, 20),
(17, 14, 20),
(17, 20, 20),
(17, 17, 20),
(18, 21, 20),
(18, 26, 20),
(18, 25, 20),
(18, 30, 20),
(18, 24, 20),
(19, 38, 20),
(19, 35, 20),
(19, 40, 20),
(19, 31, 20),
(19, 37, 20),
(20, 43, 20),
(20, 50, 20),
(20, 44, 20),
(20, 41, 20),
(20, 46, 20);
INSERT INTO Exam_Question ([EX_ID], [Q_ID], [Q_DEGREE]) VALUES
(21, 58, 20),
(21, 53, 20),
(21, 54, 20),
(21, 57, 20),
(21, 59, 20);
GO

-- Data for Student_Exam
INSERT INTO Student_Exam ([STD_ID], [EX_ID], [Actual_Start_Time], [Actual_End_Time], [Total_Score], [Obtained_Degree]) VALUES
(10, 1, '2023-03-10 15:52:00', '2023-03-10 17:52:00', 100, 78),
(12, 1, '2023-03-10 14:33:00', '2023-03-10 16:33:00', 100, 100),
(15, 1, '2023-03-10 13:31:00', '2023-03-10 15:31:00', 100, 60),
(19, 1, '2023-03-10 08:48:00', '2023-03-10 10:48:00', 100, 78),
(21, 1, '2023-03-10 09:09:00', '2023-03-10 11:09:00', 100, 62),
(28, 1, '2023-03-10 08:48:00', '2023-03-10 10:48:00', 100, 65),
(31, 1, '2023-03-10 11:13:00', '2023-03-10 13:13:00', 100, 71),
(34, 1, '2023-03-10 09:32:00', '2023-03-10 11:32:00', 100, 60),
(53, 1, '2023-03-10 09:13:00', '2023-03-10 11:13:00', 100, 69),
(56, 1, '2023-03-10 12:09:00', '2023-03-10 14:09:00', 100, 80),
(61, 1, '2023-03-10 10:31:00', '2023-03-10 12:31:00', 100, 86),
(62, 1, '2023-03-10 16:24:00', '2023-03-10 18:24:00', 100, 97),
(92, 1, '2023-03-10 09:17:00', '2023-03-10 11:17:00', 100, 96),
(98, 1, '2023-03-10 08:29:00', '2023-03-10 10:29:00', 100, 87),
(99, 1, '2023-03-10 13:43:00', '2023-03-10 15:43:00', 100, 89),
(10, 2, '2023-04-19 14:03:00', '2023-04-19 16:03:00', 100, 92),
(12, 2, '2023-04-19 13:36:00', '2023-04-19 15:36:00', 100, 72),
(15, 2, '2023-04-19 10:08:00', '2023-04-19 12:08:00', 100, 97),
(19, 2, '2023-04-19 15:31:00', '2023-04-19 17:31:00', 100, 71),
(21, 2, '2023-04-19 12:36:00', '2023-04-19 14:36:00', 100, 79),
(28, 2, '2023-04-19 09:05:00', '2023-04-19 11:05:00', 100, 83),
(31, 2, '2023-04-19 13:50:00', '2023-04-19 15:50:00', 100, 60),
(34, 2, '2023-04-19 10:58:00', '2023-04-19 12:58:00', 100, 87),
(53, 2, '2023-04-19 08:50:00', '2023-04-19 10:50:00', 100, 88),
(56, 2, '2023-04-19 12:18:00', '2023-04-19 14:18:00', 100, 62),
(61, 2, '2023-04-19 11:30:00', '2023-04-19 13:30:00', 100, 94),
(62, 2, '2023-04-19 11:14:00', '2023-04-19 13:14:00', 100, 88),
(92, 2, '2023-04-19 15:55:00', '2023-04-19 17:55:00', 100, 89),
(98, 2, '2023-04-19 16:35:00', '2023-04-19 18:35:00', 100, 94),
(99, 2, '2023-04-19 12:14:00', '2023-04-19 14:14:00', 100, 72),
(10, 3, '2023-09-17 15:11:00', '2023-09-17 17:11:00', 100, 98),
(12, 3, '2023-09-17 10:07:00', '2023-09-17 12:07:00', 100, 82),
(15, 3, '2023-09-17 10:31:00', '2023-09-17 12:31:00', 100, 85),
(19, 3, '2023-09-17 14:24:00', '2023-09-17 16:24:00', 100, 79),
(21, 3, '2023-09-17 14:07:00', '2023-09-17 16:07:00', 100, 72),
(28, 3, '2023-09-17 09:51:00', '2023-09-17 11:51:00', 100, 67),
(31, 3, '2023-09-17 11:34:00', '2023-09-17 13:34:00', 100, 83),
(34, 3, '2023-09-17 14:32:00', '2023-09-17 16:32:00', 100, 100),
(53, 3, '2023-09-17 08:41:00', '2023-09-17 10:41:00', 100, 69),
(56, 3, '2023-09-17 12:07:00', '2023-09-17 14:07:00', 100, 69),
(61, 3, '2023-09-17 10:17:00', '2023-09-17 12:17:00', 100, 86),
(62, 3, '2023-09-17 08:38:00', '2023-09-17 10:38:00', 100, 60),
(92, 3, '2023-09-17 09:44:00', '2023-09-17 11:44:00', 100, 97),
(98, 3, '2023-09-17 10:32:00', '2023-09-17 12:32:00', 100, 85),
(99, 3, '2023-09-17 16:08:00', '2023-09-17 18:08:00', 100, 65),
(1, 4, '2023-06-14 14:20:00', '2023-06-14 16:20:00', 100, 79),
(6, 4, '2023-06-14 11:29:00', '2023-06-14 13:29:00', 100, 96),
(9, 4, '2023-06-14 08:12:00', '2023-06-14 10:12:00', 100, 60),
(23, 4, '2023-06-14 15:31:00', '2023-06-14 17:31:00', 100, 97),
(33, 4, '2023-06-14 10:32:00', '2023-06-14 12:32:00', 100, 92),
(36, 4, '2023-06-14 08:15:00', '2023-06-14 10:15:00', 100, 99),
(38, 4, '2023-06-14 11:33:00', '2023-06-14 13:33:00', 100, 61),
(48, 4, '2023-06-14 08:46:00', '2023-06-14 10:46:00', 100, 73),
(49, 4, '2023-06-14 12:00:00', '2023-06-14 14:00:00', 100, 77),
(50, 4, '2023-06-14 14:34:00', '2023-06-14 16:34:00', 100, 100),
(57, 4, '2023-06-14 12:50:00', '2023-06-14 14:50:00', 100, 71),
(58, 4, '2023-06-14 16:31:00', '2023-06-14 18:31:00', 100, 65),
(68, 4, '2023-06-14 16:11:00', '2023-06-14 18:11:00', 100, 92),
(69, 4, '2023-06-14 14:10:00', '2023-06-14 16:10:00', 100, 71),
(71, 4, '2023-06-14 09:39:00', '2023-06-14 11:39:00', 100, 85),
(74, 4, '2023-06-14 12:55:00', '2023-06-14 14:55:00', 100, 81),
(75, 4, '2023-06-14 16:23:00', '2023-06-14 18:23:00', 100, 70),
(80, 4, '2023-06-14 16:50:00', '2023-06-14 18:50:00', 100, 91),
(84, 4, '2023-06-14 12:37:00', '2023-06-14 14:37:00', 100, 76),
(85, 4, '2023-06-14 14:06:00', '2023-06-14 16:06:00', 100, 95),
(86, 4, '2023-06-14 13:54:00', '2023-06-14 15:54:00', 100, 88),
(93, 4, '2023-06-14 08:44:00', '2023-06-14 10:44:00', 100, 82),
(100, 4, '2023-06-14 13:41:00', '2023-06-14 15:41:00', 100, 96),
(1, 5, '2023-05-14 10:12:00', '2023-05-14 12:12:00', 100, 96),
(6, 5, '2023-05-14 13:30:00', '2023-05-14 15:30:00', 100, 91),
(9, 5, '2023-05-14 11:17:00', '2023-05-14 13:17:00', 100, 66),
(23, 5, '2023-05-14 12:46:00', '2023-05-14 14:46:00', 100, 97),
(33, 5, '2023-05-14 14:56:00', '2023-05-14 16:56:00', 100, 98),
(36, 5, '2023-05-14 08:45:00', '2023-05-14 10:45:00', 100, 68),
(38, 5, '2023-05-14 10:37:00', '2023-05-14 12:37:00', 100, 60),
(48, 5, '2023-05-14 14:37:00', '2023-05-14 16:37:00', 100, 60),
(49, 5, '2023-05-14 14:01:00', '2023-05-14 16:01:00', 100, 87),
(50, 5, '2023-05-14 08:09:00', '2023-05-14 10:09:00', 100, 96),
(57, 5, '2023-05-14 12:50:00', '2023-05-14 14:50:00', 100, 76),
(58, 5, '2023-05-14 16:21:00', '2023-05-14 18:21:00', 100, 99),
(68, 5, '2023-05-14 12:01:00', '2023-05-14 14:01:00', 100, 89),
(69, 5, '2023-05-14 11:20:00', '2023-05-14 13:20:00', 100, 89),
(71, 5, '2023-05-14 08:36:00', '2023-05-14 10:36:00', 100, 98),
(74, 5, '2023-05-14 08:06:00', '2023-05-14 10:06:00', 100, 65),
(75, 5, '2023-05-14 11:49:00', '2023-05-14 13:49:00', 100, 61),
(80, 5, '2023-05-14 14:14:00', '2023-05-14 16:14:00', 100, 85),
(84, 5, '2023-05-14 13:21:00', '2023-05-14 15:21:00', 100, 82),
(85, 5, '2023-05-14 11:06:00', '2023-05-14 13:06:00', 100, 71),
(86, 5, '2023-05-14 16:44:00', '2023-05-14 18:44:00', 100, 81),
(93, 5, '2023-05-14 09:16:00', '2023-05-14 11:16:00', 100, 90),
(100, 5, '2023-05-14 11:19:00', '2023-05-14 13:19:00', 100, 71),
(1, 6, '2023-07-07 10:12:00', '2023-07-07 12:12:00', 100, 96),
(6, 6, '2023-07-07 16:11:00', '2023-07-07 18:11:00', 100, 86),
(9, 6, '2023-07-07 11:25:00', '2023-07-07 13:25:00', 100, 62),
(23, 6, '2023-07-07 08:35:00', '2023-07-07 10:35:00', 100, 79),
(33, 6, '2023-07-07 10:08:00', '2023-07-07 12:08:00', 100, 82),
(36, 6, '2023-07-07 12:51:00', '2023-07-07 14:51:00', 100, 84),
(38, 6, '2023-07-07 15:58:00', '2023-07-07 17:58:00', 100, 81),
(48, 6, '2023-07-07 14:27:00', '2023-07-07 16:27:00', 100, 97),
(49, 6, '2023-07-07 13:55:00', '2023-07-07 15:55:00', 100, 98);
INSERT INTO Student_Exam ([STD_ID], [EX_ID], [Actual_Start_Time], [Actual_End_Time], [Total_Score], [Obtained_Degree]) VALUES
(50, 6, '2023-07-07 14:40:00', '2023-07-07 16:40:00', 100, 100),
(57, 6, '2023-07-07 14:13:00', '2023-07-07 16:13:00', 100, 76),
(58, 6, '2023-07-07 11:38:00', '2023-07-07 13:38:00', 100, 100),
(68, 6, '2023-07-07 12:21:00', '2023-07-07 14:21:00', 100, 86),
(69, 6, '2023-07-07 15:44:00', '2023-07-07 17:44:00', 100, 69),
(71, 6, '2023-07-07 08:16:00', '2023-07-07 10:16:00', 100, 70),
(74, 6, '2023-07-07 16:55:00', '2023-07-07 18:55:00', 100, 91),
(75, 6, '2023-07-07 16:48:00', '2023-07-07 18:48:00', 100, 70),
(80, 6, '2023-07-07 08:00:00', '2023-07-07 10:00:00', 100, 96),
(84, 6, '2023-07-07 09:15:00', '2023-07-07 11:15:00', 100, 77),
(85, 6, '2023-07-07 15:49:00', '2023-07-07 17:49:00', 100, 90),
(86, 6, '2023-07-07 08:20:00', '2023-07-07 10:20:00', 100, 85),
(93, 6, '2023-07-07 11:40:00', '2023-07-07 13:40:00', 100, 94),
(100, 6, '2023-07-07 10:12:00', '2023-07-07 12:12:00', 100, 66),
(1, 7, '2023-08-09 15:25:00', '2023-08-09 17:25:00', 100, 91),
(6, 7, '2023-08-09 10:24:00', '2023-08-09 12:24:00', 100, 87),
(9, 7, '2023-08-09 12:37:00', '2023-08-09 14:37:00', 100, 69),
(23, 7, '2023-08-09 12:40:00', '2023-08-09 14:40:00', 100, 77),
(33, 7, '2023-08-09 16:45:00', '2023-08-09 18:45:00', 100, 96),
(36, 7, '2023-08-09 10:40:00', '2023-08-09 12:40:00', 100, 100),
(38, 7, '2023-08-09 14:37:00', '2023-08-09 16:37:00', 100, 93),
(48, 7, '2023-08-09 10:58:00', '2023-08-09 12:58:00', 100, 65),
(49, 7, '2023-08-09 11:43:00', '2023-08-09 13:43:00', 100, 95),
(50, 7, '2023-08-09 12:23:00', '2023-08-09 14:23:00', 100, 76),
(57, 7, '2023-08-09 13:03:00', '2023-08-09 15:03:00', 100, 60),
(58, 7, '2023-08-09 09:14:00', '2023-08-09 11:14:00', 100, 78),
(68, 7, '2023-08-09 16:23:00', '2023-08-09 18:23:00', 100, 76),
(69, 7, '2023-08-09 15:12:00', '2023-08-09 17:12:00', 100, 81),
(71, 7, '2023-08-09 14:24:00', '2023-08-09 16:24:00', 100, 70),
(74, 7, '2023-08-09 11:07:00', '2023-08-09 13:07:00', 100, 68),
(75, 7, '2023-08-09 09:35:00', '2023-08-09 11:35:00', 100, 77),
(80, 7, '2023-08-09 15:24:00', '2023-08-09 17:24:00', 100, 96),
(84, 7, '2023-08-09 11:21:00', '2023-08-09 13:21:00', 100, 100),
(85, 7, '2023-08-09 15:16:00', '2023-08-09 17:16:00', 100, 82),
(86, 7, '2023-08-09 16:01:00', '2023-08-09 18:01:00', 100, 71),
(93, 7, '2023-08-09 15:16:00', '2023-08-09 17:16:00', 100, 62),
(100, 7, '2023-08-09 15:22:00', '2023-08-09 17:22:00', 100, 69),
(1, 8, '2023-10-27 13:44:00', '2023-10-27 15:44:00', 100, 67),
(6, 8, '2023-10-27 15:50:00', '2023-10-27 17:50:00', 100, 99),
(9, 8, '2023-10-27 16:41:00', '2023-10-27 18:41:00', 100, 87),
(23, 8, '2023-10-27 13:39:00', '2023-10-27 15:39:00', 100, 94),
(33, 8, '2023-10-27 16:20:00', '2023-10-27 18:20:00', 100, 63),
(36, 8, '2023-10-27 11:42:00', '2023-10-27 13:42:00', 100, 84),
(38, 8, '2023-10-27 09:47:00', '2023-10-27 11:47:00', 100, 60),
(48, 8, '2023-10-27 09:29:00', '2023-10-27 11:29:00', 100, 94),
(49, 8, '2023-10-27 09:02:00', '2023-10-27 11:02:00', 100, 97),
(50, 8, '2023-10-27 08:53:00', '2023-10-27 10:53:00', 100, 88),
(57, 8, '2023-10-27 12:51:00', '2023-10-27 14:51:00', 100, 75),
(58, 8, '2023-10-27 11:14:00', '2023-10-27 13:14:00', 100, 83),
(68, 8, '2023-10-27 11:02:00', '2023-10-27 13:02:00', 100, 62),
(69, 8, '2023-10-27 11:49:00', '2023-10-27 13:49:00', 100, 83),
(71, 8, '2023-10-27 11:42:00', '2023-10-27 13:42:00', 100, 63),
(74, 8, '2023-10-27 12:47:00', '2023-10-27 14:47:00', 100, 89),
(75, 8, '2023-10-27 08:28:00', '2023-10-27 10:28:00', 100, 73),
(80, 8, '2023-10-27 08:30:00', '2023-10-27 10:30:00', 100, 69),
(84, 8, '2023-10-27 16:18:00', '2023-10-27 18:18:00', 100, 100),
(85, 8, '2023-10-27 08:55:00', '2023-10-27 10:55:00', 100, 85),
(86, 8, '2023-10-27 11:50:00', '2023-10-27 13:50:00', 100, 76),
(93, 8, '2023-10-27 11:01:00', '2023-10-27 13:01:00', 100, 98),
(100, 8, '2023-10-27 10:30:00', '2023-10-27 12:30:00', 100, 85),
(13, 9, '2023-10-14 15:05:00', '2023-10-14 17:05:00', 100, 100),
(18, 9, '2023-10-14 08:04:00', '2023-10-14 10:04:00', 100, 72),
(20, 9, '2023-10-14 12:22:00', '2023-10-14 14:22:00', 100, 97),
(39, 9, '2023-10-14 11:13:00', '2023-10-14 13:13:00', 100, 64),
(41, 9, '2023-10-14 09:18:00', '2023-10-14 11:18:00', 100, 76),
(42, 9, '2023-10-14 08:07:00', '2023-10-14 10:07:00', 100, 69),
(43, 9, '2023-10-14 08:20:00', '2023-10-14 10:20:00', 100, 87),
(46, 9, '2023-10-14 14:14:00', '2023-10-14 16:14:00', 100, 81),
(63, 9, '2023-10-14 11:08:00', '2023-10-14 13:08:00', 100, 89),
(70, 9, '2023-10-14 09:31:00', '2023-10-14 11:31:00', 100, 83),
(73, 9, '2023-10-14 08:37:00', '2023-10-14 10:37:00', 100, 99),
(78, 9, '2023-10-14 13:03:00', '2023-10-14 15:03:00', 100, 86),
(79, 9, '2023-10-14 12:51:00', '2023-10-14 14:51:00', 100, 99),
(82, 9, '2023-10-14 13:02:00', '2023-10-14 15:02:00', 100, 60),
(88, 9, '2023-10-14 13:58:00', '2023-10-14 15:58:00', 100, 68),
(89, 9, '2023-10-14 13:40:00', '2023-10-14 15:40:00', 100, 100),
(90, 9, '2023-10-14 14:39:00', '2023-10-14 16:39:00', 100, 95),
(96, 9, '2023-10-14 12:18:00', '2023-10-14 14:18:00', 100, 91),
(13, 10, '2023-04-14 15:18:00', '2023-04-14 17:18:00', 100, 85),
(18, 10, '2023-04-14 16:19:00', '2023-04-14 18:19:00', 100, 82),
(20, 10, '2023-04-14 13:08:00', '2023-04-14 15:08:00', 100, 77),
(39, 10, '2023-04-14 08:14:00', '2023-04-14 10:14:00', 100, 92),
(41, 10, '2023-04-14 16:26:00', '2023-04-14 18:26:00', 100, 77),
(42, 10, '2023-04-14 10:31:00', '2023-04-14 12:31:00', 100, 99),
(43, 10, '2023-04-14 12:25:00', '2023-04-14 14:25:00', 100, 84),
(46, 10, '2023-04-14 11:49:00', '2023-04-14 13:49:00', 100, 97),
(63, 10, '2023-04-14 10:30:00', '2023-04-14 12:30:00', 100, 94),
(70, 10, '2023-04-14 08:51:00', '2023-04-14 10:51:00', 100, 77),
(73, 10, '2023-04-14 09:26:00', '2023-04-14 11:26:00', 100, 67),
(78, 10, '2023-04-14 09:03:00', '2023-04-14 11:03:00', 100, 92),
(79, 10, '2023-04-14 12:16:00', '2023-04-14 14:16:00', 100, 66),
(82, 10, '2023-04-14 12:00:00', '2023-04-14 14:00:00', 100, 95),
(88, 10, '2023-04-14 11:58:00', '2023-04-14 13:58:00', 100, 76),
(89, 10, '2023-04-14 09:35:00', '2023-04-14 11:35:00', 100, 90),
(90, 10, '2023-04-14 15:04:00', '2023-04-14 17:04:00', 100, 67),
(96, 10, '2023-04-14 12:36:00', '2023-04-14 14:36:00', 100, 60),
(13, 11, '2023-04-15 15:37:00', '2023-04-15 17:37:00', 100, 100),
(18, 11, '2023-04-15 14:33:00', '2023-04-15 16:33:00', 100, 91),
(20, 11, '2023-04-15 14:53:00', '2023-04-15 16:53:00', 100, 61),
(39, 11, '2023-04-15 10:37:00', '2023-04-15 12:37:00', 100, 90);
INSERT INTO Student_Exam ([STD_ID], [EX_ID], [Actual_Start_Time], [Actual_End_Time], [Total_Score], [Obtained_Degree]) VALUES
(41, 11, '2023-04-15 10:51:00', '2023-04-15 12:51:00', 100, 79),
(42, 11, '2023-04-15 12:42:00', '2023-04-15 14:42:00', 100, 99),
(43, 11, '2023-04-15 10:35:00', '2023-04-15 12:35:00', 100, 67),
(46, 11, '2023-04-15 08:37:00', '2023-04-15 10:37:00', 100, 93),
(63, 11, '2023-04-15 15:39:00', '2023-04-15 17:39:00', 100, 82),
(70, 11, '2023-04-15 12:57:00', '2023-04-15 14:57:00', 100, 64),
(73, 11, '2023-04-15 13:19:00', '2023-04-15 15:19:00', 100, 61),
(78, 11, '2023-04-15 09:50:00', '2023-04-15 11:50:00', 100, 83),
(79, 11, '2023-04-15 12:54:00', '2023-04-15 14:54:00', 100, 69),
(82, 11, '2023-04-15 10:42:00', '2023-04-15 12:42:00', 100, 91),
(88, 11, '2023-04-15 13:36:00', '2023-04-15 15:36:00', 100, 67),
(89, 11, '2023-04-15 16:31:00', '2023-04-15 18:31:00', 100, 74),
(90, 11, '2023-04-15 16:34:00', '2023-04-15 18:34:00', 100, 74),
(96, 11, '2023-04-15 13:06:00', '2023-04-15 15:06:00', 100, 100),
(14, 12, '2023-01-16 08:07:00', '2023-01-16 10:07:00', 100, 73),
(17, 12, '2023-01-16 08:01:00', '2023-01-16 10:01:00', 100, 93),
(22, 12, '2023-01-16 09:13:00', '2023-01-16 11:13:00', 100, 71),
(24, 12, '2023-01-16 10:40:00', '2023-01-16 12:40:00', 100, 74),
(26, 12, '2023-01-16 10:50:00', '2023-01-16 12:50:00', 100, 93),
(27, 12, '2023-01-16 11:35:00', '2023-01-16 13:35:00', 100, 75),
(29, 12, '2023-01-16 16:12:00', '2023-01-16 18:12:00', 100, 73),
(32, 12, '2023-01-16 10:37:00', '2023-01-16 12:37:00', 100, 84),
(37, 12, '2023-01-16 16:01:00', '2023-01-16 18:01:00', 100, 93),
(45, 12, '2023-01-16 14:05:00', '2023-01-16 16:05:00', 100, 74),
(51, 12, '2023-01-16 08:13:00', '2023-01-16 10:13:00', 100, 67),
(54, 12, '2023-01-16 11:20:00', '2023-01-16 13:20:00', 100, 84),
(55, 12, '2023-01-16 11:35:00', '2023-01-16 13:35:00', 100, 68),
(59, 12, '2023-01-16 14:33:00', '2023-01-16 16:33:00', 100, 79),
(60, 12, '2023-01-16 09:35:00', '2023-01-16 11:35:00', 100, 82),
(77, 12, '2023-01-16 14:09:00', '2023-01-16 16:09:00', 100, 70),
(81, 12, '2023-01-16 15:57:00', '2023-01-16 17:57:00', 100, 100),
(83, 12, '2023-01-16 10:10:00', '2023-01-16 12:10:00', 100, 88),
(95, 12, '2023-01-16 16:03:00', '2023-01-16 18:03:00', 100, 95),
(14, 13, '2023-10-30 10:43:00', '2023-10-30 12:43:00', 100, 84),
(17, 13, '2023-10-30 14:17:00', '2023-10-30 16:17:00', 100, 84),
(22, 13, '2023-10-30 15:51:00', '2023-10-30 17:51:00', 100, 86),
(24, 13, '2023-10-30 14:24:00', '2023-10-30 16:24:00', 100, 89),
(26, 13, '2023-10-30 13:10:00', '2023-10-30 15:10:00', 100, 81),
(27, 13, '2023-10-30 12:50:00', '2023-10-30 14:50:00', 100, 64),
(29, 13, '2023-10-30 08:01:00', '2023-10-30 10:01:00', 100, 98),
(32, 13, '2023-10-30 11:29:00', '2023-10-30 13:29:00', 100, 60),
(37, 13, '2023-10-30 09:50:00', '2023-10-30 11:50:00', 100, 82),
(45, 13, '2023-10-30 11:40:00', '2023-10-30 13:40:00', 100, 99),
(51, 13, '2023-10-30 14:40:00', '2023-10-30 16:40:00', 100, 82),
(54, 13, '2023-10-30 15:46:00', '2023-10-30 17:46:00', 100, 71),
(55, 13, '2023-10-30 11:45:00', '2023-10-30 13:45:00', 100, 90),
(59, 13, '2023-10-30 09:14:00', '2023-10-30 11:14:00', 100, 67),
(60, 13, '2023-10-30 10:50:00', '2023-10-30 12:50:00', 100, 89),
(77, 13, '2023-10-30 14:26:00', '2023-10-30 16:26:00', 100, 85),
(81, 13, '2023-10-30 10:12:00', '2023-10-30 12:12:00', 100, 85),
(83, 13, '2023-10-30 16:54:00', '2023-10-30 18:54:00', 100, 70),
(95, 13, '2023-10-30 11:22:00', '2023-10-30 13:22:00', 100, 79),
(14, 14, '2023-10-26 08:47:00', '2023-10-26 10:47:00', 100, 69),
(17, 14, '2023-10-26 12:04:00', '2023-10-26 14:04:00', 100, 79),
(22, 14, '2023-10-26 13:49:00', '2023-10-26 15:49:00', 100, 96),
(24, 14, '2023-10-26 11:31:00', '2023-10-26 13:31:00', 100, 78),
(26, 14, '2023-10-26 11:41:00', '2023-10-26 13:41:00', 100, 86),
(27, 14, '2023-10-26 16:57:00', '2023-10-26 18:57:00', 100, 99),
(29, 14, '2023-10-26 12:54:00', '2023-10-26 14:54:00', 100, 89),
(32, 14, '2023-10-26 08:43:00', '2023-10-26 10:43:00', 100, 70),
(37, 14, '2023-10-26 13:39:00', '2023-10-26 15:39:00', 100, 76),
(45, 14, '2023-10-26 09:45:00', '2023-10-26 11:45:00', 100, 100),
(51, 14, '2023-10-26 08:25:00', '2023-10-26 10:25:00', 100, 97),
(54, 14, '2023-10-26 09:32:00', '2023-10-26 11:32:00', 100, 79),
(55, 14, '2023-10-26 14:44:00', '2023-10-26 16:44:00', 100, 96),
(59, 14, '2023-10-26 13:41:00', '2023-10-26 15:41:00', 100, 63),
(60, 14, '2023-10-26 13:55:00', '2023-10-26 15:55:00', 100, 72),
(77, 14, '2023-10-26 08:13:00', '2023-10-26 10:13:00', 100, 68),
(81, 14, '2023-10-26 14:20:00', '2023-10-26 16:20:00', 100, 71),
(83, 14, '2023-10-26 13:48:00', '2023-10-26 15:48:00', 100, 78),
(95, 14, '2023-10-26 16:32:00', '2023-10-26 18:32:00', 100, 70),
(14, 15, '2023-03-30 16:38:00', '2023-03-30 18:38:00', 100, 83),
(17, 15, '2023-03-30 11:55:00', '2023-03-30 13:55:00', 100, 60),
(22, 15, '2023-03-30 12:05:00', '2023-03-30 14:05:00', 100, 61),
(24, 15, '2023-03-30 12:15:00', '2023-03-30 14:15:00', 100, 97),
(26, 15, '2023-03-30 13:22:00', '2023-03-30 15:22:00', 100, 79),
(27, 15, '2023-03-30 08:15:00', '2023-03-30 10:15:00', 100, 73),
(29, 15, '2023-03-30 16:39:00', '2023-03-30 18:39:00', 100, 97),
(32, 15, '2023-03-30 14:49:00', '2023-03-30 16:49:00', 100, 73),
(37, 15, '2023-03-30 15:02:00', '2023-03-30 17:02:00', 100, 90),
(45, 15, '2023-03-30 15:56:00', '2023-03-30 17:56:00', 100, 77),
(51, 15, '2023-03-30 13:58:00', '2023-03-30 15:58:00', 100, 79),
(54, 15, '2023-03-30 16:11:00', '2023-03-30 18:11:00', 100, 95),
(55, 15, '2023-03-30 13:34:00', '2023-03-30 15:34:00', 100, 97),
(59, 15, '2023-03-30 09:10:00', '2023-03-30 11:10:00', 100, 82),
(60, 15, '2023-03-30 15:27:00', '2023-03-30 17:27:00', 100, 99),
(77, 15, '2023-03-30 15:40:00', '2023-03-30 17:40:00', 100, 95),
(81, 15, '2023-03-30 13:56:00', '2023-03-30 15:56:00', 100, 63),
(83, 15, '2023-03-30 08:20:00', '2023-03-30 10:20:00', 100, 90),
(95, 15, '2023-03-30 11:27:00', '2023-03-30 13:27:00', 100, 85),
(14, 16, '2023-10-26 10:26:00', '2023-10-26 12:26:00', 100, 93),
(17, 16, '2023-10-26 12:08:00', '2023-10-26 14:08:00', 100, 64),
(22, 16, '2023-10-26 15:50:00', '2023-10-26 17:50:00', 100, 71),
(24, 16, '2023-10-26 14:50:00', '2023-10-26 16:50:00', 100, 90),
(26, 16, '2023-10-26 12:41:00', '2023-10-26 14:41:00', 100, 60),
(27, 16, '2023-10-26 14:04:00', '2023-10-26 16:04:00', 100, 69),
(29, 16, '2023-10-26 15:51:00', '2023-10-26 17:51:00', 100, 91),
(32, 16, '2023-10-26 15:17:00', '2023-10-26 17:17:00', 100, 67),
(37, 16, '2023-10-26 12:41:00', '2023-10-26 14:41:00', 100, 62),
(45, 16, '2023-10-26 13:01:00', '2023-10-26 15:01:00', 100, 83);
INSERT INTO Student_Exam ([STD_ID], [EX_ID], [Actual_Start_Time], [Actual_End_Time], [Total_Score], [Obtained_Degree]) VALUES
(51, 16, '2023-10-26 13:58:00', '2023-10-26 15:58:00', 100, 70),
(54, 16, '2023-10-26 10:02:00', '2023-10-26 12:02:00', 100, 69),
(55, 16, '2023-10-26 09:19:00', '2023-10-26 11:19:00', 100, 91),
(59, 16, '2023-10-26 11:23:00', '2023-10-26 13:23:00', 100, 75),
(60, 16, '2023-10-26 14:00:00', '2023-10-26 16:00:00', 100, 71),
(77, 16, '2023-10-26 16:05:00', '2023-10-26 18:05:00', 100, 99),
(81, 16, '2023-10-26 16:17:00', '2023-10-26 18:17:00', 100, 96),
(83, 16, '2023-10-26 13:57:00', '2023-10-26 15:57:00', 100, 67),
(95, 16, '2023-10-26 12:47:00', '2023-10-26 14:47:00', 100, 69),
(2, 17, '2023-03-27 11:15:00', '2023-03-27 13:15:00', 100, 83),
(3, 17, '2023-03-27 08:55:00', '2023-03-27 10:55:00', 100, 99),
(4, 17, '2023-03-27 16:53:00', '2023-03-27 18:53:00', 100, 61),
(5, 17, '2023-03-27 11:51:00', '2023-03-27 13:51:00', 100, 81),
(7, 17, '2023-03-27 15:56:00', '2023-03-27 17:56:00', 100, 62),
(8, 17, '2023-03-27 12:42:00', '2023-03-27 14:42:00', 100, 60),
(11, 17, '2023-03-27 10:46:00', '2023-03-27 12:46:00', 100, 70),
(16, 17, '2023-03-27 08:19:00', '2023-03-27 10:19:00', 100, 75),
(25, 17, '2023-03-27 12:30:00', '2023-03-27 14:30:00', 100, 63),
(30, 17, '2023-03-27 15:46:00', '2023-03-27 17:46:00', 100, 82),
(35, 17, '2023-03-27 10:37:00', '2023-03-27 12:37:00', 100, 92),
(40, 17, '2023-03-27 11:40:00', '2023-03-27 13:40:00', 100, 82),
(44, 17, '2023-03-27 10:01:00', '2023-03-27 12:01:00', 100, 98),
(47, 17, '2023-03-27 08:58:00', '2023-03-27 10:58:00', 100, 77),
(52, 17, '2023-03-27 12:39:00', '2023-03-27 14:39:00', 100, 72),
(64, 17, '2023-03-27 10:59:00', '2023-03-27 12:59:00', 100, 93),
(65, 17, '2023-03-27 15:56:00', '2023-03-27 17:56:00', 100, 62),
(66, 17, '2023-03-27 08:16:00', '2023-03-27 10:16:00', 100, 64),
(67, 17, '2023-03-27 14:15:00', '2023-03-27 16:15:00', 100, 66),
(72, 17, '2023-03-27 11:12:00', '2023-03-27 13:12:00', 100, 60),
(76, 17, '2023-03-27 12:12:00', '2023-03-27 14:12:00', 100, 91),
(87, 17, '2023-03-27 08:05:00', '2023-03-27 10:05:00', 100, 61),
(91, 17, '2023-03-27 16:37:00', '2023-03-27 18:37:00', 100, 61),
(94, 17, '2023-03-27 16:24:00', '2023-03-27 18:24:00', 100, 71),
(97, 17, '2023-03-27 14:11:00', '2023-03-27 16:11:00', 100, 81),
(2, 18, '2023-03-05 11:53:00', '2023-03-05 13:53:00', 100, 91),
(3, 18, '2023-03-05 09:02:00', '2023-03-05 11:02:00', 100, 89),
(4, 18, '2023-03-05 12:11:00', '2023-03-05 14:11:00', 100, 68),
(5, 18, '2023-03-05 14:18:00', '2023-03-05 16:18:00', 100, 63),
(7, 18, '2023-03-05 14:31:00', '2023-03-05 16:31:00', 100, 91),
(8, 18, '2023-03-05 15:43:00', '2023-03-05 17:43:00', 100, 79),
(11, 18, '2023-03-05 09:57:00', '2023-03-05 11:57:00', 100, 73),
(16, 18, '2023-03-05 09:01:00', '2023-03-05 11:01:00', 100, 85),
(25, 18, '2023-03-05 13:55:00', '2023-03-05 15:55:00', 100, 90),
(30, 18, '2023-03-05 13:29:00', '2023-03-05 15:29:00', 100, 81),
(35, 18, '2023-03-05 14:25:00', '2023-03-05 16:25:00', 100, 74),
(40, 18, '2023-03-05 10:22:00', '2023-03-05 12:22:00', 100, 60),
(44, 18, '2023-03-05 13:30:00', '2023-03-05 15:30:00', 100, 66),
(47, 18, '2023-03-05 13:06:00', '2023-03-05 15:06:00', 100, 64),
(52, 18, '2023-03-05 13:16:00', '2023-03-05 15:16:00', 100, 74),
(64, 18, '2023-03-05 09:04:00', '2023-03-05 11:04:00', 100, 89),
(65, 18, '2023-03-05 16:12:00', '2023-03-05 18:12:00', 100, 84),
(66, 18, '2023-03-05 10:10:00', '2023-03-05 12:10:00', 100, 83),
(67, 18, '2023-03-05 09:06:00', '2023-03-05 11:06:00', 100, 71),
(72, 18, '2023-03-05 13:08:00', '2023-03-05 15:08:00', 100, 66),
(76, 18, '2023-03-05 08:01:00', '2023-03-05 10:01:00', 100, 100),
(87, 18, '2023-03-05 16:37:00', '2023-03-05 18:37:00', 100, 87),
(91, 18, '2023-03-05 14:31:00', '2023-03-05 16:31:00', 100, 77),
(94, 18, '2023-03-05 14:22:00', '2023-03-05 16:22:00', 100, 82),
(97, 18, '2023-03-05 08:37:00', '2023-03-05 10:37:00', 100, 63),
(2, 19, '2023-10-27 10:04:00', '2023-10-27 12:04:00', 100, 66),
(3, 19, '2023-10-27 11:52:00', '2023-10-27 13:52:00', 100, 93),
(4, 19, '2023-10-27 13:57:00', '2023-10-27 15:57:00', 100, 80),
(5, 19, '2023-10-27 09:29:00', '2023-10-27 11:29:00', 100, 81),
(7, 19, '2023-10-27 12:39:00', '2023-10-27 14:39:00', 100, 60),
(8, 19, '2023-10-27 12:00:00', '2023-10-27 14:00:00', 100, 100),
(11, 19, '2023-10-27 09:40:00', '2023-10-27 11:40:00', 100, 83),
(16, 19, '2023-10-27 16:57:00', '2023-10-27 18:57:00', 100, 89),
(25, 19, '2023-10-27 08:42:00', '2023-10-27 10:42:00', 100, 79),
(30, 19, '2023-10-27 15:01:00', '2023-10-27 17:01:00', 100, 82),
(35, 19, '2023-10-27 10:27:00', '2023-10-27 12:27:00', 100, 77),
(40, 19, '2023-10-27 09:19:00', '2023-10-27 11:19:00', 100, 99),
(44, 19, '2023-10-27 16:00:00', '2023-10-27 18:00:00', 100, 98),
(47, 19, '2023-10-27 09:53:00', '2023-10-27 11:53:00', 100, 75),
(52, 19, '2023-10-27 10:09:00', '2023-10-27 12:09:00', 100, 69),
(64, 19, '2023-10-27 08:35:00', '2023-10-27 10:35:00', 100, 70),
(65, 19, '2023-10-27 14:39:00', '2023-10-27 16:39:00', 100, 88),
(66, 19, '2023-10-27 15:28:00', '2023-10-27 17:28:00', 100, 61),
(67, 19, '2023-10-27 09:46:00', '2023-10-27 11:46:00', 100, 76),
(72, 19, '2023-10-27 08:42:00', '2023-10-27 10:42:00', 100, 68),
(76, 19, '2023-10-27 12:22:00', '2023-10-27 14:22:00', 100, 84),
(87, 19, '2023-10-27 11:37:00', '2023-10-27 13:37:00', 100, 90),
(91, 19, '2023-10-27 09:41:00', '2023-10-27 11:41:00', 100, 63),
(94, 19, '2023-10-27 08:28:00', '2023-10-27 10:28:00', 100, 82),
(97, 19, '2023-10-27 15:48:00', '2023-10-27 17:48:00', 100, 83),
(2, 20, '2023-11-03 11:44:00', '2023-11-03 13:44:00', 100, 94),
(3, 20, '2023-11-03 08:57:00', '2023-11-03 10:57:00', 100, 61),
(4, 20, '2023-11-03 14:22:00', '2023-11-03 16:22:00', 100, 84),
(5, 20, '2023-11-03 12:02:00', '2023-11-03 14:02:00', 100, 81),
(7, 20, '2023-11-03 16:03:00', '2023-11-03 18:03:00', 100, 63),
(8, 20, '2023-11-03 16:54:00', '2023-11-03 18:54:00', 100, 84),
(11, 20, '2023-11-03 10:03:00', '2023-11-03 12:03:00', 100, 63),
(16, 20, '2023-11-03 15:27:00', '2023-11-03 17:27:00', 100, 63),
(25, 20, '2023-11-03 16:51:00', '2023-11-03 18:51:00', 100, 78),
(30, 20, '2023-11-03 14:59:00', '2023-11-03 16:59:00', 100, 83),
(35, 20, '2023-11-03 09:11:00', '2023-11-03 11:11:00', 100, 76),
(40, 20, '2023-11-03 16:11:00', '2023-11-03 18:11:00', 100, 64),
(44, 20, '2023-11-03 14:20:00', '2023-11-03 16:20:00', 100, 63),
(47, 20, '2023-11-03 10:45:00', '2023-11-03 12:45:00', 100, 84),
(52, 20, '2023-11-03 14:52:00', '2023-11-03 16:52:00', 100, 85),
(64, 20, '2023-11-03 11:30:00', '2023-11-03 13:30:00', 100, 94);
INSERT INTO Student_Exam ([STD_ID], [EX_ID], [Actual_Start_Time], [Actual_End_Time], [Total_Score], [Obtained_Degree]) VALUES
(65, 20, '2023-11-03 15:19:00', '2023-11-03 17:19:00', 100, 82),
(66, 20, '2023-11-03 16:06:00', '2023-11-03 18:06:00', 100, 72),
(67, 20, '2023-11-03 08:32:00', '2023-11-03 10:32:00', 100, 69),
(72, 20, '2023-11-03 09:08:00', '2023-11-03 11:08:00', 100, 79),
(76, 20, '2023-11-03 12:04:00', '2023-11-03 14:04:00', 100, 98),
(87, 20, '2023-11-03 14:45:00', '2023-11-03 16:45:00', 100, 70),
(91, 20, '2023-11-03 11:10:00', '2023-11-03 13:10:00', 100, 76),
(94, 20, '2023-11-03 15:57:00', '2023-11-03 17:57:00', 100, 72),
(97, 20, '2023-11-03 16:38:00', '2023-11-03 18:38:00', 100, 85),
(2, 21, '2023-09-11 16:16:00', '2023-09-11 18:16:00', 100, 73),
(3, 21, '2023-09-11 10:26:00', '2023-09-11 12:26:00', 100, 77),
(4, 21, '2023-09-11 08:21:00', '2023-09-11 10:21:00', 100, 90),
(5, 21, '2023-09-11 08:04:00', '2023-09-11 10:04:00', 100, 85),
(7, 21, '2023-09-11 15:58:00', '2023-09-11 17:58:00', 100, 97),
(8, 21, '2023-09-11 09:12:00', '2023-09-11 11:12:00', 100, 69),
(11, 21, '2023-09-11 10:51:00', '2023-09-11 12:51:00', 100, 87),
(16, 21, '2023-09-11 16:49:00', '2023-09-11 18:49:00', 100, 91),
(25, 21, '2023-09-11 08:54:00', '2023-09-11 10:54:00', 100, 86),
(30, 21, '2023-09-11 12:43:00', '2023-09-11 14:43:00', 100, 62),
(35, 21, '2023-09-11 15:56:00', '2023-09-11 17:56:00', 100, 92),
(40, 21, '2023-09-11 08:32:00', '2023-09-11 10:32:00', 100, 86),
(44, 21, '2023-09-11 11:29:00', '2023-09-11 13:29:00', 100, 79),
(47, 21, '2023-09-11 08:53:00', '2023-09-11 10:53:00', 100, 67),
(52, 21, '2023-09-11 10:46:00', '2023-09-11 12:46:00', 100, 76),
(64, 21, '2023-09-11 13:43:00', '2023-09-11 15:43:00', 100, 65),
(65, 21, '2023-09-11 14:31:00', '2023-09-11 16:31:00', 100, 95),
(66, 21, '2023-09-11 12:53:00', '2023-09-11 14:53:00', 100, 84),
(67, 21, '2023-09-11 09:52:00', '2023-09-11 11:52:00', 100, 80),
(72, 21, '2023-09-11 10:04:00', '2023-09-11 12:04:00', 100, 81),
(76, 21, '2023-09-11 09:19:00', '2023-09-11 11:19:00', 100, 85),
(87, 21, '2023-09-11 12:59:00', '2023-09-11 14:59:00', 100, 99),
(91, 21, '2023-09-11 14:29:00', '2023-09-11 16:29:00', 100, 98),
(94, 21, '2023-09-11 10:18:00', '2023-09-11 12:18:00', 100, 72),
(97, 21, '2023-09-11 16:58:00', '2023-09-11 18:58:00', 100, 99);
GO

-- Data for Student_Answer
GO
SET IDENTITY_INSERT Student_Answer ON;
INSERT INTO Student_Answer ([ANS_ID], [STD_ID], [EX_ID], [Q_ID], [Student_Answer], [Is_Correct], [Obtained_Marks], [ANS_At]) VALUES
(1, 10, 1, 21, 'd', 1, 20, '2023-03-10 17:52:00'),
(2, 10, 1, 28, 'wrong', 0, 0, '2023-03-10 17:52:00'),
(3, 10, 1, 29, 'b', 1, 20, '2023-03-10 17:52:00'),
(4, 10, 1, 27, 'b', 1, 20, '2023-03-10 17:52:00'),
(5, 10, 1, 23, 'Model Answer Text', 1, 20, '2023-03-10 17:52:00'),
(6, 12, 1, 21, 'd', 1, 20, '2023-03-10 16:33:00'),
(7, 12, 1, 28, 'wrong', 0, 0, '2023-03-10 16:33:00'),
(8, 12, 1, 29, 'wrong', 0, 0, '2023-03-10 16:33:00'),
(9, 12, 1, 27, 'b', 1, 20, '2023-03-10 16:33:00'),
(10, 12, 1, 23, 'Model Answer Text', 1, 20, '2023-03-10 16:33:00'),
(11, 15, 1, 21, 'd', 1, 20, '2023-03-10 15:31:00'),
(12, 15, 1, 28, 'wrong', 0, 0, '2023-03-10 15:31:00'),
(13, 15, 1, 29, 'wrong', 0, 0, '2023-03-10 15:31:00'),
(14, 15, 1, 27, 'b', 1, 20, '2023-03-10 15:31:00'),
(15, 15, 1, 23, 'wrong', 0, 0, '2023-03-10 15:31:00'),
(16, 19, 1, 21, 'd', 1, 20, '2023-03-10 10:48:00'),
(17, 19, 1, 28, 'b', 1, 20, '2023-03-10 10:48:00'),
(18, 19, 1, 29, 'b', 1, 20, '2023-03-10 10:48:00'),
(19, 19, 1, 27, 'b', 1, 20, '2023-03-10 10:48:00'),
(20, 19, 1, 23, 'Model Answer Text', 1, 20, '2023-03-10 10:48:00'),
(21, 21, 1, 21, 'd', 1, 20, '2023-03-10 11:09:00'),
(22, 21, 1, 28, 'wrong', 0, 0, '2023-03-10 11:09:00'),
(23, 21, 1, 29, 'b', 1, 20, '2023-03-10 11:09:00'),
(24, 21, 1, 27, 'wrong', 0, 0, '2023-03-10 11:09:00'),
(25, 21, 1, 23, 'wrong', 0, 0, '2023-03-10 11:09:00'),
(26, 28, 1, 21, 'd', 1, 20, '2023-03-10 10:48:00'),
(27, 28, 1, 28, 'wrong', 0, 0, '2023-03-10 10:48:00'),
(28, 28, 1, 29, 'b', 1, 20, '2023-03-10 10:48:00'),
(29, 28, 1, 27, 'b', 1, 20, '2023-03-10 10:48:00'),
(30, 28, 1, 23, 'wrong', 0, 0, '2023-03-10 10:48:00'),
(31, 31, 1, 21, 'd', 1, 20, '2023-03-10 13:13:00'),
(32, 31, 1, 28, 'b', 1, 20, '2023-03-10 13:13:00'),
(33, 31, 1, 29, 'b', 1, 20, '2023-03-10 13:13:00'),
(34, 31, 1, 27, 'b', 1, 20, '2023-03-10 13:13:00'),
(35, 31, 1, 23, 'Model Answer Text', 1, 20, '2023-03-10 13:13:00'),
(36, 34, 1, 21, 'd', 1, 20, '2023-03-10 11:32:00'),
(37, 34, 1, 28, 'b', 1, 20, '2023-03-10 11:32:00'),
(38, 34, 1, 29, 'wrong', 0, 0, '2023-03-10 11:32:00'),
(39, 34, 1, 27, 'b', 1, 20, '2023-03-10 11:32:00'),
(40, 34, 1, 23, 'wrong', 0, 0, '2023-03-10 11:32:00'),
(41, 53, 1, 21, 'd', 1, 20, '2023-03-10 11:13:00'),
(42, 53, 1, 28, 'b', 1, 20, '2023-03-10 11:13:00'),
(43, 53, 1, 29, 'b', 1, 20, '2023-03-10 11:13:00'),
(44, 53, 1, 27, 'b', 1, 20, '2023-03-10 11:13:00'),
(45, 53, 1, 23, 'Model Answer Text', 1, 20, '2023-03-10 11:13:00'),
(46, 56, 1, 21, 'd', 1, 20, '2023-03-10 14:09:00'),
(47, 56, 1, 28, 'b', 1, 20, '2023-03-10 14:09:00'),
(48, 56, 1, 29, 'b', 1, 20, '2023-03-10 14:09:00'),
(49, 56, 1, 27, 'b', 1, 20, '2023-03-10 14:09:00'),
(50, 56, 1, 23, 'Model Answer Text', 1, 20, '2023-03-10 14:09:00'),
(51, 61, 1, 21, 'd', 1, 20, '2023-03-10 12:31:00'),
(52, 61, 1, 28, 'wrong', 0, 0, '2023-03-10 12:31:00'),
(53, 61, 1, 29, 'b', 1, 20, '2023-03-10 12:31:00'),
(54, 61, 1, 27, 'b', 1, 20, '2023-03-10 12:31:00'),
(55, 61, 1, 23, 'Model Answer Text', 1, 20, '2023-03-10 12:31:00'),
(56, 62, 1, 21, 'wrong', 0, 0, '2023-03-10 18:24:00'),
(57, 62, 1, 28, 'b', 1, 20, '2023-03-10 18:24:00'),
(58, 62, 1, 29, 'b', 1, 20, '2023-03-10 18:24:00'),
(59, 62, 1, 27, 'b', 1, 20, '2023-03-10 18:24:00'),
(60, 62, 1, 23, 'Model Answer Text', 1, 20, '2023-03-10 18:24:00'),
(61, 92, 1, 21, 'wrong', 0, 0, '2023-03-10 11:17:00'),
(62, 92, 1, 28, 'wrong', 0, 0, '2023-03-10 11:17:00'),
(63, 92, 1, 29, 'b', 1, 20, '2023-03-10 11:17:00'),
(64, 92, 1, 27, 'b', 1, 20, '2023-03-10 11:17:00'),
(65, 92, 1, 23, 'Model Answer Text', 1, 20, '2023-03-10 11:17:00'),
(66, 98, 1, 21, 'wrong', 0, 0, '2023-03-10 10:29:00'),
(67, 98, 1, 28, 'b', 1, 20, '2023-03-10 10:29:00'),
(68, 98, 1, 29, 'b', 1, 20, '2023-03-10 10:29:00'),
(69, 98, 1, 27, 'b', 1, 20, '2023-03-10 10:29:00'),
(70, 98, 1, 23, 'wrong', 0, 0, '2023-03-10 10:29:00'),
(71, 99, 1, 21, 'wrong', 0, 0, '2023-03-10 15:43:00'),
(72, 99, 1, 28, 'b', 1, 20, '2023-03-10 15:43:00'),
(73, 99, 1, 29, 'b', 1, 20, '2023-03-10 15:43:00'),
(74, 99, 1, 27, 'b', 1, 20, '2023-03-10 15:43:00'),
(75, 99, 1, 23, 'wrong', 0, 0, '2023-03-10 15:43:00'),
(76, 10, 2, 34, 'b', 1, 20, '2023-04-19 16:03:00'),
(77, 10, 2, 31, 'Model Answer Text', 1, 20, '2023-04-19 16:03:00'),
(78, 10, 2, 39, 'Model Answer Text', 1, 20, '2023-04-19 16:03:00'),
(79, 10, 2, 33, 'd', 1, 20, '2023-04-19 16:03:00'),
(80, 10, 2, 38, 'Model Answer Text', 1, 20, '2023-04-19 16:03:00'),
(81, 12, 2, 34, 'wrong', 0, 0, '2023-04-19 15:36:00'),
(82, 12, 2, 31, 'Model Answer Text', 1, 20, '2023-04-19 15:36:00'),
(83, 12, 2, 39, 'Model Answer Text', 1, 20, '2023-04-19 15:36:00'),
(84, 12, 2, 33, 'd', 1, 20, '2023-04-19 15:36:00'),
(85, 12, 2, 38, 'Model Answer Text', 1, 20, '2023-04-19 15:36:00'),
(86, 15, 2, 34, 'b', 1, 20, '2023-04-19 12:08:00'),
(87, 15, 2, 31, 'Model Answer Text', 1, 20, '2023-04-19 12:08:00'),
(88, 15, 2, 39, 'Model Answer Text', 1, 20, '2023-04-19 12:08:00'),
(89, 15, 2, 33, 'wrong', 0, 0, '2023-04-19 12:08:00'),
(90, 15, 2, 38, 'Model Answer Text', 1, 20, '2023-04-19 12:08:00'),
(91, 19, 2, 34, 'b', 1, 20, '2023-04-19 17:31:00'),
(92, 19, 2, 31, 'Model Answer Text', 1, 20, '2023-04-19 17:31:00'),
(93, 19, 2, 39, 'Model Answer Text', 1, 20, '2023-04-19 17:31:00'),
(94, 19, 2, 33, 'd', 1, 20, '2023-04-19 17:31:00'),
(95, 19, 2, 38, 'Model Answer Text', 1, 20, '2023-04-19 17:31:00'),
(96, 21, 2, 34, 'wrong', 0, 0, '2023-04-19 14:36:00'),
(97, 21, 2, 31, 'wrong', 0, 0, '2023-04-19 14:36:00'),
(98, 21, 2, 39, 'wrong', 0, 0, '2023-04-19 14:36:00'),
(99, 21, 2, 33, 'd', 1, 20, '2023-04-19 14:36:00'),
(100, 21, 2, 38, 'Model Answer Text', 1, 20, '2023-04-19 14:36:00');
INSERT INTO Student_Answer ([ANS_ID], [STD_ID], [EX_ID], [Q_ID], [Student_Answer], [Is_Correct], [Obtained_Marks], [ANS_At]) VALUES
(101, 28, 2, 34, 'wrong', 0, 0, '2023-04-19 11:05:00'),
(102, 28, 2, 31, 'Model Answer Text', 1, 20, '2023-04-19 11:05:00'),
(103, 28, 2, 39, 'Model Answer Text', 1, 20, '2023-04-19 11:05:00'),
(104, 28, 2, 33, 'd', 1, 20, '2023-04-19 11:05:00'),
(105, 28, 2, 38, 'Model Answer Text', 1, 20, '2023-04-19 11:05:00'),
(106, 31, 2, 34, 'wrong', 0, 0, '2023-04-19 15:50:00'),
(107, 31, 2, 31, 'Model Answer Text', 1, 20, '2023-04-19 15:50:00'),
(108, 31, 2, 39, 'Model Answer Text', 1, 20, '2023-04-19 15:50:00'),
(109, 31, 2, 33, 'd', 1, 20, '2023-04-19 15:50:00'),
(110, 31, 2, 38, 'Model Answer Text', 1, 20, '2023-04-19 15:50:00'),
(111, 34, 2, 34, 'wrong', 0, 0, '2023-04-19 12:58:00'),
(112, 34, 2, 31, 'Model Answer Text', 1, 20, '2023-04-19 12:58:00'),
(113, 34, 2, 39, 'wrong', 0, 0, '2023-04-19 12:58:00'),
(114, 34, 2, 33, 'd', 1, 20, '2023-04-19 12:58:00'),
(115, 34, 2, 38, 'Model Answer Text', 1, 20, '2023-04-19 12:58:00'),
(116, 53, 2, 34, 'b', 1, 20, '2023-04-19 10:50:00'),
(117, 53, 2, 31, 'Model Answer Text', 1, 20, '2023-04-19 10:50:00'),
(118, 53, 2, 39, 'Model Answer Text', 1, 20, '2023-04-19 10:50:00'),
(119, 53, 2, 33, 'd', 1, 20, '2023-04-19 10:50:00'),
(120, 53, 2, 38, 'Model Answer Text', 1, 20, '2023-04-19 10:50:00'),
(121, 56, 2, 34, 'b', 1, 20, '2023-04-19 14:18:00'),
(122, 56, 2, 31, 'wrong', 0, 0, '2023-04-19 14:18:00'),
(123, 56, 2, 39, 'Model Answer Text', 1, 20, '2023-04-19 14:18:00'),
(124, 56, 2, 33, 'd', 1, 20, '2023-04-19 14:18:00'),
(125, 56, 2, 38, 'Model Answer Text', 1, 20, '2023-04-19 14:18:00'),
(126, 61, 2, 34, 'b', 1, 20, '2023-04-19 13:30:00'),
(127, 61, 2, 31, 'Model Answer Text', 1, 20, '2023-04-19 13:30:00'),
(128, 61, 2, 39, 'Model Answer Text', 1, 20, '2023-04-19 13:30:00'),
(129, 61, 2, 33, 'd', 1, 20, '2023-04-19 13:30:00'),
(130, 61, 2, 38, 'Model Answer Text', 1, 20, '2023-04-19 13:30:00'),
(131, 62, 2, 34, 'b', 1, 20, '2023-04-19 13:14:00'),
(132, 62, 2, 31, 'Model Answer Text', 1, 20, '2023-04-19 13:14:00'),
(133, 62, 2, 39, 'Model Answer Text', 1, 20, '2023-04-19 13:14:00'),
(134, 62, 2, 33, 'd', 1, 20, '2023-04-19 13:14:00'),
(135, 62, 2, 38, 'Model Answer Text', 1, 20, '2023-04-19 13:14:00'),
(136, 92, 2, 34, 'b', 1, 20, '2023-04-19 17:55:00'),
(137, 92, 2, 31, 'Model Answer Text', 1, 20, '2023-04-19 17:55:00'),
(138, 92, 2, 39, 'Model Answer Text', 1, 20, '2023-04-19 17:55:00'),
(139, 92, 2, 33, 'd', 1, 20, '2023-04-19 17:55:00'),
(140, 92, 2, 38, 'Model Answer Text', 1, 20, '2023-04-19 17:55:00'),
(141, 98, 2, 34, 'b', 1, 20, '2023-04-19 18:35:00'),
(142, 98, 2, 31, 'Model Answer Text', 1, 20, '2023-04-19 18:35:00'),
(143, 98, 2, 39, 'wrong', 0, 0, '2023-04-19 18:35:00'),
(144, 98, 2, 33, 'wrong', 0, 0, '2023-04-19 18:35:00'),
(145, 98, 2, 38, 'Model Answer Text', 1, 20, '2023-04-19 18:35:00'),
(146, 99, 2, 34, 'b', 1, 20, '2023-04-19 14:14:00'),
(147, 99, 2, 31, 'Model Answer Text', 1, 20, '2023-04-19 14:14:00'),
(148, 99, 2, 39, 'Model Answer Text', 1, 20, '2023-04-19 14:14:00'),
(149, 99, 2, 33, 'd', 1, 20, '2023-04-19 14:14:00'),
(150, 99, 2, 38, 'wrong', 0, 0, '2023-04-19 14:14:00'),
(151, 10, 3, 45, 'Model Answer Text', 1, 20, '2023-09-17 17:11:00'),
(152, 10, 3, 49, 'Model Answer Text', 1, 20, '2023-09-17 17:11:00'),
(153, 10, 3, 48, 'b', 1, 20, '2023-09-17 17:11:00'),
(154, 10, 3, 41, 'b', 1, 20, '2023-09-17 17:11:00'),
(155, 10, 3, 42, 'Model Answer Text', 1, 20, '2023-09-17 17:11:00'),
(156, 12, 3, 45, 'Model Answer Text', 1, 20, '2023-09-17 12:07:00'),
(157, 12, 3, 49, 'Model Answer Text', 1, 20, '2023-09-17 12:07:00'),
(158, 12, 3, 48, 'b', 1, 20, '2023-09-17 12:07:00'),
(159, 12, 3, 41, 'b', 1, 20, '2023-09-17 12:07:00'),
(160, 12, 3, 42, 'Model Answer Text', 1, 20, '2023-09-17 12:07:00'),
(161, 15, 3, 45, 'Model Answer Text', 1, 20, '2023-09-17 12:31:00'),
(162, 15, 3, 49, 'Model Answer Text', 1, 20, '2023-09-17 12:31:00'),
(163, 15, 3, 48, 'b', 1, 20, '2023-09-17 12:31:00'),
(164, 15, 3, 41, 'b', 1, 20, '2023-09-17 12:31:00'),
(165, 15, 3, 42, 'Model Answer Text', 1, 20, '2023-09-17 12:31:00'),
(166, 19, 3, 45, 'wrong', 0, 0, '2023-09-17 16:24:00'),
(167, 19, 3, 49, 'Model Answer Text', 1, 20, '2023-09-17 16:24:00'),
(168, 19, 3, 48, 'b', 1, 20, '2023-09-17 16:24:00'),
(169, 19, 3, 41, 'b', 1, 20, '2023-09-17 16:24:00'),
(170, 19, 3, 42, 'Model Answer Text', 1, 20, '2023-09-17 16:24:00'),
(171, 21, 3, 45, 'Model Answer Text', 1, 20, '2023-09-17 16:07:00'),
(172, 21, 3, 49, 'Model Answer Text', 1, 20, '2023-09-17 16:07:00'),
(173, 21, 3, 48, 'b', 1, 20, '2023-09-17 16:07:00'),
(174, 21, 3, 41, 'b', 1, 20, '2023-09-17 16:07:00'),
(175, 21, 3, 42, 'Model Answer Text', 1, 20, '2023-09-17 16:07:00'),
(176, 28, 3, 45, 'wrong', 0, 0, '2023-09-17 11:51:00'),
(177, 28, 3, 49, 'Model Answer Text', 1, 20, '2023-09-17 11:51:00'),
(178, 28, 3, 48, 'b', 1, 20, '2023-09-17 11:51:00'),
(179, 28, 3, 41, 'b', 1, 20, '2023-09-17 11:51:00'),
(180, 28, 3, 42, 'Model Answer Text', 1, 20, '2023-09-17 11:51:00'),
(181, 31, 3, 45, 'Model Answer Text', 1, 20, '2023-09-17 13:34:00'),
(182, 31, 3, 49, 'Model Answer Text', 1, 20, '2023-09-17 13:34:00'),
(183, 31, 3, 48, 'wrong', 0, 0, '2023-09-17 13:34:00'),
(184, 31, 3, 41, 'b', 1, 20, '2023-09-17 13:34:00'),
(185, 31, 3, 42, 'Model Answer Text', 1, 20, '2023-09-17 13:34:00'),
(186, 34, 3, 45, 'Model Answer Text', 1, 20, '2023-09-17 16:32:00'),
(187, 34, 3, 49, 'Model Answer Text', 1, 20, '2023-09-17 16:32:00'),
(188, 34, 3, 48, 'wrong', 0, 0, '2023-09-17 16:32:00'),
(189, 34, 3, 41, 'wrong', 0, 0, '2023-09-17 16:32:00'),
(190, 34, 3, 42, 'Model Answer Text', 1, 20, '2023-09-17 16:32:00'),
(191, 53, 3, 45, 'Model Answer Text', 1, 20, '2023-09-17 10:41:00'),
(192, 53, 3, 49, 'Model Answer Text', 1, 20, '2023-09-17 10:41:00'),
(193, 53, 3, 48, 'b', 1, 20, '2023-09-17 10:41:00'),
(194, 53, 3, 41, 'wrong', 0, 0, '2023-09-17 10:41:00'),
(195, 53, 3, 42, 'Model Answer Text', 1, 20, '2023-09-17 10:41:00'),
(196, 56, 3, 45, 'Model Answer Text', 1, 20, '2023-09-17 14:07:00'),
(197, 56, 3, 49, 'wrong', 0, 0, '2023-09-17 14:07:00'),
(198, 56, 3, 48, 'b', 1, 20, '2023-09-17 14:07:00'),
(199, 56, 3, 41, 'wrong', 0, 0, '2023-09-17 14:07:00'),
(200, 56, 3, 42, 'Model Answer Text', 1, 20, '2023-09-17 14:07:00');
INSERT INTO Student_Answer ([ANS_ID], [STD_ID], [EX_ID], [Q_ID], [Student_Answer], [Is_Correct], [Obtained_Marks], [ANS_At]) VALUES
(201, 61, 3, 45, 'Model Answer Text', 1, 20, '2023-09-17 12:17:00'),
(202, 61, 3, 49, 'Model Answer Text', 1, 20, '2023-09-17 12:17:00'),
(203, 61, 3, 48, 'b', 1, 20, '2023-09-17 12:17:00'),
(204, 61, 3, 41, 'wrong', 0, 0, '2023-09-17 12:17:00'),
(205, 61, 3, 42, 'Model Answer Text', 1, 20, '2023-09-17 12:17:00'),
(206, 62, 3, 45, 'Model Answer Text', 1, 20, '2023-09-17 10:38:00'),
(207, 62, 3, 49, 'Model Answer Text', 1, 20, '2023-09-17 10:38:00'),
(208, 62, 3, 48, 'b', 1, 20, '2023-09-17 10:38:00'),
(209, 62, 3, 41, 'b', 1, 20, '2023-09-17 10:38:00'),
(210, 62, 3, 42, 'wrong', 0, 0, '2023-09-17 10:38:00'),
(211, 92, 3, 45, 'Model Answer Text', 1, 20, '2023-09-17 11:44:00'),
(212, 92, 3, 49, 'Model Answer Text', 1, 20, '2023-09-17 11:44:00'),
(213, 92, 3, 48, 'b', 1, 20, '2023-09-17 11:44:00'),
(214, 92, 3, 41, 'wrong', 0, 0, '2023-09-17 11:44:00'),
(215, 92, 3, 42, 'Model Answer Text', 1, 20, '2023-09-17 11:44:00'),
(216, 98, 3, 45, 'Model Answer Text', 1, 20, '2023-09-17 12:32:00'),
(217, 98, 3, 49, 'Model Answer Text', 1, 20, '2023-09-17 12:32:00'),
(218, 98, 3, 48, 'b', 1, 20, '2023-09-17 12:32:00'),
(219, 98, 3, 41, 'b', 1, 20, '2023-09-17 12:32:00'),
(220, 98, 3, 42, 'wrong', 0, 0, '2023-09-17 12:32:00'),
(221, 99, 3, 45, 'Model Answer Text', 1, 20, '2023-09-17 18:08:00'),
(222, 99, 3, 49, 'Model Answer Text', 1, 20, '2023-09-17 18:08:00'),
(223, 99, 3, 48, 'b', 1, 20, '2023-09-17 18:08:00'),
(224, 99, 3, 41, 'b', 1, 20, '2023-09-17 18:08:00'),
(225, 99, 3, 42, 'Model Answer Text', 1, 20, '2023-09-17 18:08:00'),
(226, 1, 4, 7, 'b', 1, 20, '2023-06-14 16:20:00'),
(227, 1, 4, 2, 'd', 1, 20, '2023-06-14 16:20:00'),
(228, 1, 4, 4, 'wrong', 0, 0, '2023-06-14 16:20:00'),
(229, 1, 4, 10, 'c', 1, 20, '2023-06-14 16:20:00'),
(230, 1, 4, 6, 'a', 1, 20, '2023-06-14 16:20:00'),
(231, 6, 4, 7, 'b', 1, 20, '2023-06-14 13:29:00'),
(232, 6, 4, 2, 'wrong', 0, 0, '2023-06-14 13:29:00'),
(233, 6, 4, 4, 'wrong', 0, 0, '2023-06-14 13:29:00'),
(234, 6, 4, 10, 'c', 1, 20, '2023-06-14 13:29:00'),
(235, 6, 4, 6, 'a', 1, 20, '2023-06-14 13:29:00'),
(236, 9, 4, 7, 'b', 1, 20, '2023-06-14 10:12:00'),
(237, 9, 4, 2, 'wrong', 0, 0, '2023-06-14 10:12:00'),
(238, 9, 4, 4, 'Model Answer Text', 1, 20, '2023-06-14 10:12:00'),
(239, 9, 4, 10, 'c', 1, 20, '2023-06-14 10:12:00'),
(240, 9, 4, 6, 'a', 1, 20, '2023-06-14 10:12:00'),
(241, 23, 4, 7, 'b', 1, 20, '2023-06-14 17:31:00'),
(242, 23, 4, 2, 'wrong', 0, 0, '2023-06-14 17:31:00'),
(243, 23, 4, 4, 'wrong', 0, 0, '2023-06-14 17:31:00'),
(244, 23, 4, 10, 'c', 1, 20, '2023-06-14 17:31:00'),
(245, 23, 4, 6, 'a', 1, 20, '2023-06-14 17:31:00'),
(246, 33, 4, 7, 'b', 1, 20, '2023-06-14 12:32:00'),
(247, 33, 4, 2, 'wrong', 0, 0, '2023-06-14 12:32:00'),
(248, 33, 4, 4, 'wrong', 0, 0, '2023-06-14 12:32:00'),
(249, 33, 4, 10, 'c', 1, 20, '2023-06-14 12:32:00'),
(250, 33, 4, 6, 'a', 1, 20, '2023-06-14 12:32:00'),
(251, 36, 4, 7, 'b', 1, 20, '2023-06-14 10:15:00'),
(252, 36, 4, 2, 'd', 1, 20, '2023-06-14 10:15:00'),
(253, 36, 4, 4, 'Model Answer Text', 1, 20, '2023-06-14 10:15:00'),
(254, 36, 4, 10, 'c', 1, 20, '2023-06-14 10:15:00'),
(255, 36, 4, 6, 'a', 1, 20, '2023-06-14 10:15:00'),
(256, 38, 4, 7, 'b', 1, 20, '2023-06-14 13:33:00'),
(257, 38, 4, 2, 'd', 1, 20, '2023-06-14 13:33:00'),
(258, 38, 4, 4, 'Model Answer Text', 1, 20, '2023-06-14 13:33:00'),
(259, 38, 4, 10, 'c', 1, 20, '2023-06-14 13:33:00'),
(260, 38, 4, 6, 'a', 1, 20, '2023-06-14 13:33:00'),
(261, 48, 4, 7, 'b', 1, 20, '2023-06-14 10:46:00'),
(262, 48, 4, 2, 'd', 1, 20, '2023-06-14 10:46:00'),
(263, 48, 4, 4, 'Model Answer Text', 1, 20, '2023-06-14 10:46:00'),
(264, 48, 4, 10, 'wrong', 0, 0, '2023-06-14 10:46:00'),
(265, 48, 4, 6, 'wrong', 0, 0, '2023-06-14 10:46:00'),
(266, 49, 4, 7, 'b', 1, 20, '2023-06-14 14:00:00'),
(267, 49, 4, 2, 'wrong', 0, 0, '2023-06-14 14:00:00'),
(268, 49, 4, 4, 'Model Answer Text', 1, 20, '2023-06-14 14:00:00'),
(269, 49, 4, 10, 'c', 1, 20, '2023-06-14 14:00:00'),
(270, 49, 4, 6, 'a', 1, 20, '2023-06-14 14:00:00'),
(271, 50, 4, 7, 'b', 1, 20, '2023-06-14 16:34:00'),
(272, 50, 4, 2, 'd', 1, 20, '2023-06-14 16:34:00'),
(273, 50, 4, 4, 'Model Answer Text', 1, 20, '2023-06-14 16:34:00'),
(274, 50, 4, 10, 'c', 1, 20, '2023-06-14 16:34:00'),
(275, 50, 4, 6, 'a', 1, 20, '2023-06-14 16:34:00'),
(276, 57, 4, 7, 'b', 1, 20, '2023-06-14 14:50:00'),
(277, 57, 4, 2, 'd', 1, 20, '2023-06-14 14:50:00'),
(278, 57, 4, 4, 'Model Answer Text', 1, 20, '2023-06-14 14:50:00'),
(279, 57, 4, 10, 'c', 1, 20, '2023-06-14 14:50:00'),
(280, 57, 4, 6, 'a', 1, 20, '2023-06-14 14:50:00'),
(281, 58, 4, 7, 'b', 1, 20, '2023-06-14 18:31:00'),
(282, 58, 4, 2, 'd', 1, 20, '2023-06-14 18:31:00'),
(283, 58, 4, 4, 'Model Answer Text', 1, 20, '2023-06-14 18:31:00'),
(284, 58, 4, 10, 'c', 1, 20, '2023-06-14 18:31:00'),
(285, 58, 4, 6, 'wrong', 0, 0, '2023-06-14 18:31:00'),
(286, 68, 4, 7, 'b', 1, 20, '2023-06-14 18:11:00'),
(287, 68, 4, 2, 'wrong', 0, 0, '2023-06-14 18:11:00'),
(288, 68, 4, 4, 'Model Answer Text', 1, 20, '2023-06-14 18:11:00'),
(289, 68, 4, 10, 'c', 1, 20, '2023-06-14 18:11:00'),
(290, 68, 4, 6, 'wrong', 0, 0, '2023-06-14 18:11:00'),
(291, 69, 4, 7, 'b', 1, 20, '2023-06-14 16:10:00'),
(292, 69, 4, 2, 'd', 1, 20, '2023-06-14 16:10:00'),
(293, 69, 4, 4, 'wrong', 0, 0, '2023-06-14 16:10:00'),
(294, 69, 4, 10, 'c', 1, 20, '2023-06-14 16:10:00'),
(295, 69, 4, 6, 'a', 1, 20, '2023-06-14 16:10:00'),
(296, 71, 4, 7, 'b', 1, 20, '2023-06-14 11:39:00'),
(297, 71, 4, 2, 'd', 1, 20, '2023-06-14 11:39:00'),
(298, 71, 4, 4, 'Model Answer Text', 1, 20, '2023-06-14 11:39:00'),
(299, 71, 4, 10, 'c', 1, 20, '2023-06-14 11:39:00'),
(300, 71, 4, 6, 'wrong', 0, 0, '2023-06-14 11:39:00');
INSERT INTO Student_Answer ([ANS_ID], [STD_ID], [EX_ID], [Q_ID], [Student_Answer], [Is_Correct], [Obtained_Marks], [ANS_At]) VALUES
(301, 74, 4, 7, 'b', 1, 20, '2023-06-14 14:55:00'),
(302, 74, 4, 2, 'd', 1, 20, '2023-06-14 14:55:00'),
(303, 74, 4, 4, 'Model Answer Text', 1, 20, '2023-06-14 14:55:00'),
(304, 74, 4, 10, 'c', 1, 20, '2023-06-14 14:55:00'),
(305, 74, 4, 6, 'a', 1, 20, '2023-06-14 14:55:00'),
(306, 75, 4, 7, 'wrong', 0, 0, '2023-06-14 18:23:00'),
(307, 75, 4, 2, 'd', 1, 20, '2023-06-14 18:23:00'),
(308, 75, 4, 4, 'Model Answer Text', 1, 20, '2023-06-14 18:23:00'),
(309, 75, 4, 10, 'c', 1, 20, '2023-06-14 18:23:00'),
(310, 75, 4, 6, 'a', 1, 20, '2023-06-14 18:23:00'),
(311, 80, 4, 7, 'wrong', 0, 0, '2023-06-14 18:50:00'),
(312, 80, 4, 2, 'd', 1, 20, '2023-06-14 18:50:00'),
(313, 80, 4, 4, 'Model Answer Text', 1, 20, '2023-06-14 18:50:00'),
(314, 80, 4, 10, 'c', 1, 20, '2023-06-14 18:50:00'),
(315, 80, 4, 6, 'a', 1, 20, '2023-06-14 18:50:00'),
(316, 84, 4, 7, 'b', 1, 20, '2023-06-14 14:37:00'),
(317, 84, 4, 2, 'd', 1, 20, '2023-06-14 14:37:00'),
(318, 84, 4, 4, 'Model Answer Text', 1, 20, '2023-06-14 14:37:00'),
(319, 84, 4, 10, 'c', 1, 20, '2023-06-14 14:37:00'),
(320, 84, 4, 6, 'a', 1, 20, '2023-06-14 14:37:00'),
(321, 85, 4, 7, 'wrong', 0, 0, '2023-06-14 16:06:00'),
(322, 85, 4, 2, 'd', 1, 20, '2023-06-14 16:06:00'),
(323, 85, 4, 4, 'Model Answer Text', 1, 20, '2023-06-14 16:06:00'),
(324, 85, 4, 10, 'c', 1, 20, '2023-06-14 16:06:00'),
(325, 85, 4, 6, 'a', 1, 20, '2023-06-14 16:06:00'),
(326, 86, 4, 7, 'b', 1, 20, '2023-06-14 15:54:00'),
(327, 86, 4, 2, 'd', 1, 20, '2023-06-14 15:54:00'),
(328, 86, 4, 4, 'Model Answer Text', 1, 20, '2023-06-14 15:54:00'),
(329, 86, 4, 10, 'c', 1, 20, '2023-06-14 15:54:00'),
(330, 86, 4, 6, 'a', 1, 20, '2023-06-14 15:54:00'),
(331, 93, 4, 7, 'b', 1, 20, '2023-06-14 10:44:00'),
(332, 93, 4, 2, 'd', 1, 20, '2023-06-14 10:44:00'),
(333, 93, 4, 4, 'Model Answer Text', 1, 20, '2023-06-14 10:44:00'),
(334, 93, 4, 10, 'c', 1, 20, '2023-06-14 10:44:00'),
(335, 93, 4, 6, 'a', 1, 20, '2023-06-14 10:44:00'),
(336, 100, 4, 7, 'b', 1, 20, '2023-06-14 15:41:00'),
(337, 100, 4, 2, 'd', 1, 20, '2023-06-14 15:41:00'),
(338, 100, 4, 4, 'Model Answer Text', 1, 20, '2023-06-14 15:41:00'),
(339, 100, 4, 10, 'c', 1, 20, '2023-06-14 15:41:00'),
(340, 100, 4, 6, 'a', 1, 20, '2023-06-14 15:41:00'),
(341, 1, 5, 28, 'b', 1, 20, '2023-05-14 12:12:00'),
(342, 1, 5, 24, 'b', 1, 20, '2023-05-14 12:12:00'),
(343, 1, 5, 25, 'Model Answer Text', 1, 20, '2023-05-14 12:12:00'),
(344, 1, 5, 22, 'd', 1, 20, '2023-05-14 12:12:00'),
(345, 1, 5, 21, 'wrong', 0, 0, '2023-05-14 12:12:00'),
(346, 6, 5, 28, 'b', 1, 20, '2023-05-14 15:30:00'),
(347, 6, 5, 24, 'b', 1, 20, '2023-05-14 15:30:00'),
(348, 6, 5, 25, 'Model Answer Text', 1, 20, '2023-05-14 15:30:00'),
(349, 6, 5, 22, 'd', 1, 20, '2023-05-14 15:30:00'),
(350, 6, 5, 21, 'd', 1, 20, '2023-05-14 15:30:00'),
(351, 9, 5, 28, 'b', 1, 20, '2023-05-14 13:17:00'),
(352, 9, 5, 24, 'wrong', 0, 0, '2023-05-14 13:17:00'),
(353, 9, 5, 25, 'Model Answer Text', 1, 20, '2023-05-14 13:17:00'),
(354, 9, 5, 22, 'd', 1, 20, '2023-05-14 13:17:00'),
(355, 9, 5, 21, 'd', 1, 20, '2023-05-14 13:17:00'),
(356, 23, 5, 28, 'wrong', 0, 0, '2023-05-14 14:46:00'),
(357, 23, 5, 24, 'wrong', 0, 0, '2023-05-14 14:46:00'),
(358, 23, 5, 25, 'Model Answer Text', 1, 20, '2023-05-14 14:46:00'),
(359, 23, 5, 22, 'd', 1, 20, '2023-05-14 14:46:00'),
(360, 23, 5, 21, 'd', 1, 20, '2023-05-14 14:46:00'),
(361, 33, 5, 28, 'b', 1, 20, '2023-05-14 16:56:00'),
(362, 33, 5, 24, 'b', 1, 20, '2023-05-14 16:56:00'),
(363, 33, 5, 25, 'Model Answer Text', 1, 20, '2023-05-14 16:56:00'),
(364, 33, 5, 22, 'd', 1, 20, '2023-05-14 16:56:00'),
(365, 33, 5, 21, 'd', 1, 20, '2023-05-14 16:56:00'),
(366, 36, 5, 28, 'b', 1, 20, '2023-05-14 10:45:00'),
(367, 36, 5, 24, 'b', 1, 20, '2023-05-14 10:45:00'),
(368, 36, 5, 25, 'Model Answer Text', 1, 20, '2023-05-14 10:45:00'),
(369, 36, 5, 22, 'd', 1, 20, '2023-05-14 10:45:00'),
(370, 36, 5, 21, 'd', 1, 20, '2023-05-14 10:45:00'),
(371, 38, 5, 28, 'wrong', 0, 0, '2023-05-14 12:37:00'),
(372, 38, 5, 24, 'b', 1, 20, '2023-05-14 12:37:00'),
(373, 38, 5, 25, 'Model Answer Text', 1, 20, '2023-05-14 12:37:00'),
(374, 38, 5, 22, 'd', 1, 20, '2023-05-14 12:37:00'),
(375, 38, 5, 21, 'd', 1, 20, '2023-05-14 12:37:00'),
(376, 48, 5, 28, 'wrong', 0, 0, '2023-05-14 16:37:00'),
(377, 48, 5, 24, 'b', 1, 20, '2023-05-14 16:37:00'),
(378, 48, 5, 25, 'Model Answer Text', 1, 20, '2023-05-14 16:37:00'),
(379, 48, 5, 22, 'd', 1, 20, '2023-05-14 16:37:00'),
(380, 48, 5, 21, 'd', 1, 20, '2023-05-14 16:37:00'),
(381, 49, 5, 28, 'b', 1, 20, '2023-05-14 16:01:00'),
(382, 49, 5, 24, 'b', 1, 20, '2023-05-14 16:01:00'),
(383, 49, 5, 25, 'Model Answer Text', 1, 20, '2023-05-14 16:01:00'),
(384, 49, 5, 22, 'd', 1, 20, '2023-05-14 16:01:00'),
(385, 49, 5, 21, 'd', 1, 20, '2023-05-14 16:01:00'),
(386, 50, 5, 28, 'b', 1, 20, '2023-05-14 10:09:00'),
(387, 50, 5, 24, 'b', 1, 20, '2023-05-14 10:09:00'),
(388, 50, 5, 25, 'Model Answer Text', 1, 20, '2023-05-14 10:09:00'),
(389, 50, 5, 22, 'wrong', 0, 0, '2023-05-14 10:09:00'),
(390, 50, 5, 21, 'd', 1, 20, '2023-05-14 10:09:00'),
(391, 57, 5, 28, 'b', 1, 20, '2023-05-14 14:50:00'),
(392, 57, 5, 24, 'wrong', 0, 0, '2023-05-14 14:50:00'),
(393, 57, 5, 25, 'wrong', 0, 0, '2023-05-14 14:50:00'),
(394, 57, 5, 22, 'd', 1, 20, '2023-05-14 14:50:00'),
(395, 57, 5, 21, 'd', 1, 20, '2023-05-14 14:50:00'),
(396, 58, 5, 28, 'wrong', 0, 0, '2023-05-14 18:21:00'),
(397, 58, 5, 24, 'b', 1, 20, '2023-05-14 18:21:00'),
(398, 58, 5, 25, 'Model Answer Text', 1, 20, '2023-05-14 18:21:00'),
(399, 58, 5, 22, 'd', 1, 20, '2023-05-14 18:21:00'),
(400, 58, 5, 21, 'wrong', 0, 0, '2023-05-14 18:21:00');
INSERT INTO Student_Answer ([ANS_ID], [STD_ID], [EX_ID], [Q_ID], [Student_Answer], [Is_Correct], [Obtained_Marks], [ANS_At]) VALUES
(401, 68, 5, 28, 'b', 1, 20, '2023-05-14 14:01:00'),
(402, 68, 5, 24, 'b', 1, 20, '2023-05-14 14:01:00'),
(403, 68, 5, 25, 'Model Answer Text', 1, 20, '2023-05-14 14:01:00'),
(404, 68, 5, 22, 'd', 1, 20, '2023-05-14 14:01:00'),
(405, 68, 5, 21, 'd', 1, 20, '2023-05-14 14:01:00'),
(406, 69, 5, 28, 'b', 1, 20, '2023-05-14 13:20:00'),
(407, 69, 5, 24, 'wrong', 0, 0, '2023-05-14 13:20:00'),
(408, 69, 5, 25, 'Model Answer Text', 1, 20, '2023-05-14 13:20:00'),
(409, 69, 5, 22, 'd', 1, 20, '2023-05-14 13:20:00'),
(410, 69, 5, 21, 'wrong', 0, 0, '2023-05-14 13:20:00'),
(411, 71, 5, 28, 'wrong', 0, 0, '2023-05-14 10:36:00'),
(412, 71, 5, 24, 'b', 1, 20, '2023-05-14 10:36:00'),
(413, 71, 5, 25, 'Model Answer Text', 1, 20, '2023-05-14 10:36:00'),
(414, 71, 5, 22, 'd', 1, 20, '2023-05-14 10:36:00'),
(415, 71, 5, 21, 'd', 1, 20, '2023-05-14 10:36:00'),
(416, 74, 5, 28, 'b', 1, 20, '2023-05-14 10:06:00'),
(417, 74, 5, 24, 'wrong', 0, 0, '2023-05-14 10:06:00'),
(418, 74, 5, 25, 'Model Answer Text', 1, 20, '2023-05-14 10:06:00'),
(419, 74, 5, 22, 'wrong', 0, 0, '2023-05-14 10:06:00'),
(420, 74, 5, 21, 'd', 1, 20, '2023-05-14 10:06:00'),
(421, 75, 5, 28, 'wrong', 0, 0, '2023-05-14 13:49:00'),
(422, 75, 5, 24, 'b', 1, 20, '2023-05-14 13:49:00'),
(423, 75, 5, 25, 'Model Answer Text', 1, 20, '2023-05-14 13:49:00'),
(424, 75, 5, 22, 'd', 1, 20, '2023-05-14 13:49:00'),
(425, 75, 5, 21, 'wrong', 0, 0, '2023-05-14 13:49:00'),
(426, 80, 5, 28, 'wrong', 0, 0, '2023-05-14 16:14:00'),
(427, 80, 5, 24, 'b', 1, 20, '2023-05-14 16:14:00'),
(428, 80, 5, 25, 'Model Answer Text', 1, 20, '2023-05-14 16:14:00'),
(429, 80, 5, 22, 'd', 1, 20, '2023-05-14 16:14:00'),
(430, 80, 5, 21, 'd', 1, 20, '2023-05-14 16:14:00'),
(431, 84, 5, 28, 'b', 1, 20, '2023-05-14 15:21:00'),
(432, 84, 5, 24, 'b', 1, 20, '2023-05-14 15:21:00'),
(433, 84, 5, 25, 'Model Answer Text', 1, 20, '2023-05-14 15:21:00'),
(434, 84, 5, 22, 'd', 1, 20, '2023-05-14 15:21:00'),
(435, 84, 5, 21, 'd', 1, 20, '2023-05-14 15:21:00'),
(436, 85, 5, 28, 'b', 1, 20, '2023-05-14 13:06:00'),
(437, 85, 5, 24, 'b', 1, 20, '2023-05-14 13:06:00'),
(438, 85, 5, 25, 'Model Answer Text', 1, 20, '2023-05-14 13:06:00'),
(439, 85, 5, 22, 'd', 1, 20, '2023-05-14 13:06:00'),
(440, 85, 5, 21, 'd', 1, 20, '2023-05-14 13:06:00'),
(441, 86, 5, 28, 'b', 1, 20, '2023-05-14 18:44:00'),
(442, 86, 5, 24, 'b', 1, 20, '2023-05-14 18:44:00'),
(443, 86, 5, 25, 'Model Answer Text', 1, 20, '2023-05-14 18:44:00'),
(444, 86, 5, 22, 'd', 1, 20, '2023-05-14 18:44:00'),
(445, 86, 5, 21, 'd', 1, 20, '2023-05-14 18:44:00'),
(446, 93, 5, 28, 'b', 1, 20, '2023-05-14 11:16:00'),
(447, 93, 5, 24, 'b', 1, 20, '2023-05-14 11:16:00'),
(448, 93, 5, 25, 'Model Answer Text', 1, 20, '2023-05-14 11:16:00'),
(449, 93, 5, 22, 'wrong', 0, 0, '2023-05-14 11:16:00'),
(450, 93, 5, 21, 'd', 1, 20, '2023-05-14 11:16:00'),
(451, 100, 5, 28, 'b', 1, 20, '2023-05-14 13:19:00'),
(452, 100, 5, 24, 'b', 1, 20, '2023-05-14 13:19:00'),
(453, 100, 5, 25, 'Model Answer Text', 1, 20, '2023-05-14 13:19:00'),
(454, 100, 5, 22, 'd', 1, 20, '2023-05-14 13:19:00'),
(455, 100, 5, 21, 'd', 1, 20, '2023-05-14 13:19:00'),
(456, 1, 6, 33, 'd', 1, 20, '2023-07-07 12:12:00'),
(457, 1, 6, 39, 'Model Answer Text', 1, 20, '2023-07-07 12:12:00'),
(458, 1, 6, 35, 'c', 1, 20, '2023-07-07 12:12:00'),
(459, 1, 6, 38, 'wrong', 0, 0, '2023-07-07 12:12:00'),
(460, 1, 6, 32, 'Model Answer Text', 1, 20, '2023-07-07 12:12:00'),
(461, 6, 6, 33, 'wrong', 0, 0, '2023-07-07 18:11:00'),
(462, 6, 6, 39, 'Model Answer Text', 1, 20, '2023-07-07 18:11:00'),
(463, 6, 6, 35, 'c', 1, 20, '2023-07-07 18:11:00'),
(464, 6, 6, 38, 'Model Answer Text', 1, 20, '2023-07-07 18:11:00'),
(465, 6, 6, 32, 'wrong', 0, 0, '2023-07-07 18:11:00'),
(466, 9, 6, 33, 'wrong', 0, 0, '2023-07-07 13:25:00'),
(467, 9, 6, 39, 'Model Answer Text', 1, 20, '2023-07-07 13:25:00'),
(468, 9, 6, 35, 'c', 1, 20, '2023-07-07 13:25:00'),
(469, 9, 6, 38, 'Model Answer Text', 1, 20, '2023-07-07 13:25:00'),
(470, 9, 6, 32, 'Model Answer Text', 1, 20, '2023-07-07 13:25:00'),
(471, 23, 6, 33, 'wrong', 0, 0, '2023-07-07 10:35:00'),
(472, 23, 6, 39, 'wrong', 0, 0, '2023-07-07 10:35:00'),
(473, 23, 6, 35, 'wrong', 0, 0, '2023-07-07 10:35:00'),
(474, 23, 6, 38, 'Model Answer Text', 1, 20, '2023-07-07 10:35:00'),
(475, 23, 6, 32, 'Model Answer Text', 1, 20, '2023-07-07 10:35:00'),
(476, 33, 6, 33, 'wrong', 0, 0, '2023-07-07 12:08:00'),
(477, 33, 6, 39, 'Model Answer Text', 1, 20, '2023-07-07 12:08:00'),
(478, 33, 6, 35, 'c', 1, 20, '2023-07-07 12:08:00'),
(479, 33, 6, 38, 'Model Answer Text', 1, 20, '2023-07-07 12:08:00'),
(480, 33, 6, 32, 'Model Answer Text', 1, 20, '2023-07-07 12:08:00'),
(481, 36, 6, 33, 'd', 1, 20, '2023-07-07 14:51:00'),
(482, 36, 6, 39, 'Model Answer Text', 1, 20, '2023-07-07 14:51:00'),
(483, 36, 6, 35, 'wrong', 0, 0, '2023-07-07 14:51:00'),
(484, 36, 6, 38, 'Model Answer Text', 1, 20, '2023-07-07 14:51:00'),
(485, 36, 6, 32, 'Model Answer Text', 1, 20, '2023-07-07 14:51:00'),
(486, 38, 6, 33, 'd', 1, 20, '2023-07-07 17:58:00'),
(487, 38, 6, 39, 'wrong', 0, 0, '2023-07-07 17:58:00'),
(488, 38, 6, 35, 'c', 1, 20, '2023-07-07 17:58:00'),
(489, 38, 6, 38, 'Model Answer Text', 1, 20, '2023-07-07 17:58:00'),
(490, 38, 6, 32, 'Model Answer Text', 1, 20, '2023-07-07 17:58:00'),
(491, 48, 6, 33, 'wrong', 0, 0, '2023-07-07 16:27:00'),
(492, 48, 6, 39, 'wrong', 0, 0, '2023-07-07 16:27:00'),
(493, 48, 6, 35, 'c', 1, 20, '2023-07-07 16:27:00'),
(494, 48, 6, 38, 'Model Answer Text', 1, 20, '2023-07-07 16:27:00'),
(495, 48, 6, 32, 'Model Answer Text', 1, 20, '2023-07-07 16:27:00'),
(496, 49, 6, 33, 'd', 1, 20, '2023-07-07 15:55:00'),
(497, 49, 6, 39, 'Model Answer Text', 1, 20, '2023-07-07 15:55:00'),
(498, 49, 6, 35, 'c', 1, 20, '2023-07-07 15:55:00'),
(499, 49, 6, 38, 'wrong', 0, 0, '2023-07-07 15:55:00'),
(500, 49, 6, 32, 'Model Answer Text', 1, 20, '2023-07-07 15:55:00');
INSERT INTO Student_Answer ([ANS_ID], [STD_ID], [EX_ID], [Q_ID], [Student_Answer], [Is_Correct], [Obtained_Marks], [ANS_At]) VALUES
(501, 50, 6, 33, 'd', 1, 20, '2023-07-07 16:40:00'),
(502, 50, 6, 39, 'Model Answer Text', 1, 20, '2023-07-07 16:40:00'),
(503, 50, 6, 35, 'c', 1, 20, '2023-07-07 16:40:00'),
(504, 50, 6, 38, 'wrong', 0, 0, '2023-07-07 16:40:00'),
(505, 50, 6, 32, 'Model Answer Text', 1, 20, '2023-07-07 16:40:00'),
(506, 57, 6, 33, 'd', 1, 20, '2023-07-07 16:13:00'),
(507, 57, 6, 39, 'Model Answer Text', 1, 20, '2023-07-07 16:13:00'),
(508, 57, 6, 35, 'c', 1, 20, '2023-07-07 16:13:00'),
(509, 57, 6, 38, 'wrong', 0, 0, '2023-07-07 16:13:00'),
(510, 57, 6, 32, 'Model Answer Text', 1, 20, '2023-07-07 16:13:00'),
(511, 58, 6, 33, 'd', 1, 20, '2023-07-07 13:38:00'),
(512, 58, 6, 39, 'wrong', 0, 0, '2023-07-07 13:38:00'),
(513, 58, 6, 35, 'c', 1, 20, '2023-07-07 13:38:00'),
(514, 58, 6, 38, 'Model Answer Text', 1, 20, '2023-07-07 13:38:00'),
(515, 58, 6, 32, 'Model Answer Text', 1, 20, '2023-07-07 13:38:00'),
(516, 68, 6, 33, 'd', 1, 20, '2023-07-07 14:21:00'),
(517, 68, 6, 39, 'Model Answer Text', 1, 20, '2023-07-07 14:21:00'),
(518, 68, 6, 35, 'c', 1, 20, '2023-07-07 14:21:00'),
(519, 68, 6, 38, 'Model Answer Text', 1, 20, '2023-07-07 14:21:00'),
(520, 68, 6, 32, 'wrong', 0, 0, '2023-07-07 14:21:00'),
(521, 69, 6, 33, 'wrong', 0, 0, '2023-07-07 17:44:00'),
(522, 69, 6, 39, 'Model Answer Text', 1, 20, '2023-07-07 17:44:00'),
(523, 69, 6, 35, 'c', 1, 20, '2023-07-07 17:44:00'),
(524, 69, 6, 38, 'wrong', 0, 0, '2023-07-07 17:44:00'),
(525, 69, 6, 32, 'wrong', 0, 0, '2023-07-07 17:44:00'),
(526, 71, 6, 33, 'd', 1, 20, '2023-07-07 10:16:00'),
(527, 71, 6, 39, 'Model Answer Text', 1, 20, '2023-07-07 10:16:00'),
(528, 71, 6, 35, 'c', 1, 20, '2023-07-07 10:16:00'),
(529, 71, 6, 38, 'Model Answer Text', 1, 20, '2023-07-07 10:16:00'),
(530, 71, 6, 32, 'Model Answer Text', 1, 20, '2023-07-07 10:16:00'),
(531, 74, 6, 33, 'd', 1, 20, '2023-07-07 18:55:00'),
(532, 74, 6, 39, 'Model Answer Text', 1, 20, '2023-07-07 18:55:00'),
(533, 74, 6, 35, 'c', 1, 20, '2023-07-07 18:55:00'),
(534, 74, 6, 38, 'Model Answer Text', 1, 20, '2023-07-07 18:55:00'),
(535, 74, 6, 32, 'Model Answer Text', 1, 20, '2023-07-07 18:55:00'),
(536, 75, 6, 33, 'd', 1, 20, '2023-07-07 18:48:00'),
(537, 75, 6, 39, 'Model Answer Text', 1, 20, '2023-07-07 18:48:00'),
(538, 75, 6, 35, 'c', 1, 20, '2023-07-07 18:48:00'),
(539, 75, 6, 38, 'Model Answer Text', 1, 20, '2023-07-07 18:48:00'),
(540, 75, 6, 32, 'Model Answer Text', 1, 20, '2023-07-07 18:48:00'),
(541, 80, 6, 33, 'd', 1, 20, '2023-07-07 10:00:00'),
(542, 80, 6, 39, 'Model Answer Text', 1, 20, '2023-07-07 10:00:00'),
(543, 80, 6, 35, 'c', 1, 20, '2023-07-07 10:00:00'),
(544, 80, 6, 38, 'Model Answer Text', 1, 20, '2023-07-07 10:00:00'),
(545, 80, 6, 32, 'Model Answer Text', 1, 20, '2023-07-07 10:00:00'),
(546, 84, 6, 33, 'd', 1, 20, '2023-07-07 11:15:00'),
(547, 84, 6, 39, 'Model Answer Text', 1, 20, '2023-07-07 11:15:00'),
(548, 84, 6, 35, 'c', 1, 20, '2023-07-07 11:15:00'),
(549, 84, 6, 38, 'Model Answer Text', 1, 20, '2023-07-07 11:15:00'),
(550, 84, 6, 32, 'wrong', 0, 0, '2023-07-07 11:15:00'),
(551, 85, 6, 33, 'wrong', 0, 0, '2023-07-07 17:49:00'),
(552, 85, 6, 39, 'Model Answer Text', 1, 20, '2023-07-07 17:49:00'),
(553, 85, 6, 35, 'c', 1, 20, '2023-07-07 17:49:00'),
(554, 85, 6, 38, 'Model Answer Text', 1, 20, '2023-07-07 17:49:00'),
(555, 85, 6, 32, 'Model Answer Text', 1, 20, '2023-07-07 17:49:00'),
(556, 86, 6, 33, 'd', 1, 20, '2023-07-07 10:20:00'),
(557, 86, 6, 39, 'Model Answer Text', 1, 20, '2023-07-07 10:20:00'),
(558, 86, 6, 35, 'c', 1, 20, '2023-07-07 10:20:00'),
(559, 86, 6, 38, 'Model Answer Text', 1, 20, '2023-07-07 10:20:00'),
(560, 86, 6, 32, 'Model Answer Text', 1, 20, '2023-07-07 10:20:00'),
(561, 93, 6, 33, 'd', 1, 20, '2023-07-07 13:40:00'),
(562, 93, 6, 39, 'Model Answer Text', 1, 20, '2023-07-07 13:40:00'),
(563, 93, 6, 35, 'c', 1, 20, '2023-07-07 13:40:00'),
(564, 93, 6, 38, 'wrong', 0, 0, '2023-07-07 13:40:00'),
(565, 93, 6, 32, 'Model Answer Text', 1, 20, '2023-07-07 13:40:00'),
(566, 100, 6, 33, 'd', 1, 20, '2023-07-07 12:12:00'),
(567, 100, 6, 39, 'Model Answer Text', 1, 20, '2023-07-07 12:12:00'),
(568, 100, 6, 35, 'c', 1, 20, '2023-07-07 12:12:00'),
(569, 100, 6, 38, 'Model Answer Text', 1, 20, '2023-07-07 12:12:00'),
(570, 100, 6, 32, 'Model Answer Text', 1, 20, '2023-07-07 12:12:00'),
(571, 1, 7, 45, 'Model Answer Text', 1, 20, '2023-08-09 17:25:00'),
(572, 1, 7, 44, 'wrong', 0, 0, '2023-08-09 17:25:00'),
(573, 1, 7, 47, 'a', 1, 20, '2023-08-09 17:25:00'),
(574, 1, 7, 43, 'c', 1, 20, '2023-08-09 17:25:00'),
(575, 1, 7, 50, 'a', 1, 20, '2023-08-09 17:25:00'),
(576, 6, 7, 45, 'wrong', 0, 0, '2023-08-09 12:24:00'),
(577, 6, 7, 44, 'wrong', 0, 0, '2023-08-09 12:24:00'),
(578, 6, 7, 47, 'a', 1, 20, '2023-08-09 12:24:00'),
(579, 6, 7, 43, 'c', 1, 20, '2023-08-09 12:24:00'),
(580, 6, 7, 50, 'a', 1, 20, '2023-08-09 12:24:00'),
(581, 9, 7, 45, 'Model Answer Text', 1, 20, '2023-08-09 14:37:00'),
(582, 9, 7, 44, 'wrong', 0, 0, '2023-08-09 14:37:00'),
(583, 9, 7, 47, 'a', 1, 20, '2023-08-09 14:37:00'),
(584, 9, 7, 43, 'wrong', 0, 0, '2023-08-09 14:37:00'),
(585, 9, 7, 50, 'a', 1, 20, '2023-08-09 14:37:00'),
(586, 23, 7, 45, 'wrong', 0, 0, '2023-08-09 14:40:00'),
(587, 23, 7, 44, 'b', 1, 20, '2023-08-09 14:40:00'),
(588, 23, 7, 47, 'a', 1, 20, '2023-08-09 14:40:00'),
(589, 23, 7, 43, 'c', 1, 20, '2023-08-09 14:40:00'),
(590, 23, 7, 50, 'a', 1, 20, '2023-08-09 14:40:00'),
(591, 33, 7, 45, 'wrong', 0, 0, '2023-08-09 18:45:00'),
(592, 33, 7, 44, 'b', 1, 20, '2023-08-09 18:45:00'),
(593, 33, 7, 47, 'a', 1, 20, '2023-08-09 18:45:00'),
(594, 33, 7, 43, 'c', 1, 20, '2023-08-09 18:45:00'),
(595, 33, 7, 50, 'wrong', 0, 0, '2023-08-09 18:45:00'),
(596, 36, 7, 45, 'Model Answer Text', 1, 20, '2023-08-09 12:40:00'),
(597, 36, 7, 44, 'b', 1, 20, '2023-08-09 12:40:00'),
(598, 36, 7, 47, 'wrong', 0, 0, '2023-08-09 12:40:00'),
(599, 36, 7, 43, 'c', 1, 20, '2023-08-09 12:40:00'),
(600, 36, 7, 50, 'a', 1, 20, '2023-08-09 12:40:00');
INSERT INTO Student_Answer ([ANS_ID], [STD_ID], [EX_ID], [Q_ID], [Student_Answer], [Is_Correct], [Obtained_Marks], [ANS_At]) VALUES
(601, 38, 7, 45, 'Model Answer Text', 1, 20, '2023-08-09 16:37:00'),
(602, 38, 7, 44, 'b', 1, 20, '2023-08-09 16:37:00'),
(603, 38, 7, 47, 'a', 1, 20, '2023-08-09 16:37:00'),
(604, 38, 7, 43, 'wrong', 0, 0, '2023-08-09 16:37:00'),
(605, 38, 7, 50, 'a', 1, 20, '2023-08-09 16:37:00'),
(606, 48, 7, 45, 'Model Answer Text', 1, 20, '2023-08-09 12:58:00'),
(607, 48, 7, 44, 'b', 1, 20, '2023-08-09 12:58:00'),
(608, 48, 7, 47, 'a', 1, 20, '2023-08-09 12:58:00'),
(609, 48, 7, 43, 'wrong', 0, 0, '2023-08-09 12:58:00'),
(610, 48, 7, 50, 'a', 1, 20, '2023-08-09 12:58:00'),
(611, 49, 7, 45, 'wrong', 0, 0, '2023-08-09 13:43:00'),
(612, 49, 7, 44, 'b', 1, 20, '2023-08-09 13:43:00'),
(613, 49, 7, 47, 'a', 1, 20, '2023-08-09 13:43:00'),
(614, 49, 7, 43, 'c', 1, 20, '2023-08-09 13:43:00'),
(615, 49, 7, 50, 'a', 1, 20, '2023-08-09 13:43:00'),
(616, 50, 7, 45, 'Model Answer Text', 1, 20, '2023-08-09 14:23:00'),
(617, 50, 7, 44, 'b', 1, 20, '2023-08-09 14:23:00'),
(618, 50, 7, 47, 'a', 1, 20, '2023-08-09 14:23:00'),
(619, 50, 7, 43, 'wrong', 0, 0, '2023-08-09 14:23:00'),
(620, 50, 7, 50, 'a', 1, 20, '2023-08-09 14:23:00'),
(621, 57, 7, 45, 'Model Answer Text', 1, 20, '2023-08-09 15:03:00'),
(622, 57, 7, 44, 'b', 1, 20, '2023-08-09 15:03:00'),
(623, 57, 7, 47, 'wrong', 0, 0, '2023-08-09 15:03:00'),
(624, 57, 7, 43, 'c', 1, 20, '2023-08-09 15:03:00'),
(625, 57, 7, 50, 'wrong', 0, 0, '2023-08-09 15:03:00'),
(626, 58, 7, 45, 'Model Answer Text', 1, 20, '2023-08-09 11:14:00'),
(627, 58, 7, 44, 'b', 1, 20, '2023-08-09 11:14:00'),
(628, 58, 7, 47, 'a', 1, 20, '2023-08-09 11:14:00'),
(629, 58, 7, 43, 'c', 1, 20, '2023-08-09 11:14:00'),
(630, 58, 7, 50, 'a', 1, 20, '2023-08-09 11:14:00'),
(631, 68, 7, 45, 'wrong', 0, 0, '2023-08-09 18:23:00'),
(632, 68, 7, 44, 'b', 1, 20, '2023-08-09 18:23:00'),
(633, 68, 7, 47, 'a', 1, 20, '2023-08-09 18:23:00'),
(634, 68, 7, 43, 'c', 1, 20, '2023-08-09 18:23:00'),
(635, 68, 7, 50, 'a', 1, 20, '2023-08-09 18:23:00'),
(636, 69, 7, 45, 'Model Answer Text', 1, 20, '2023-08-09 17:12:00'),
(637, 69, 7, 44, 'b', 1, 20, '2023-08-09 17:12:00'),
(638, 69, 7, 47, 'a', 1, 20, '2023-08-09 17:12:00'),
(639, 69, 7, 43, 'c', 1, 20, '2023-08-09 17:12:00'),
(640, 69, 7, 50, 'wrong', 0, 0, '2023-08-09 17:12:00'),
(641, 71, 7, 45, 'Model Answer Text', 1, 20, '2023-08-09 16:24:00'),
(642, 71, 7, 44, 'b', 1, 20, '2023-08-09 16:24:00'),
(643, 71, 7, 47, 'a', 1, 20, '2023-08-09 16:24:00'),
(644, 71, 7, 43, 'c', 1, 20, '2023-08-09 16:24:00'),
(645, 71, 7, 50, 'a', 1, 20, '2023-08-09 16:24:00'),
(646, 74, 7, 45, 'Model Answer Text', 1, 20, '2023-08-09 13:07:00'),
(647, 74, 7, 44, 'b', 1, 20, '2023-08-09 13:07:00'),
(648, 74, 7, 47, 'a', 1, 20, '2023-08-09 13:07:00'),
(649, 74, 7, 43, 'c', 1, 20, '2023-08-09 13:07:00'),
(650, 74, 7, 50, 'a', 1, 20, '2023-08-09 13:07:00'),
(651, 75, 7, 45, 'Model Answer Text', 1, 20, '2023-08-09 11:35:00'),
(652, 75, 7, 44, 'b', 1, 20, '2023-08-09 11:35:00'),
(653, 75, 7, 47, 'a', 1, 20, '2023-08-09 11:35:00'),
(654, 75, 7, 43, 'wrong', 0, 0, '2023-08-09 11:35:00'),
(655, 75, 7, 50, 'a', 1, 20, '2023-08-09 11:35:00'),
(656, 80, 7, 45, 'wrong', 0, 0, '2023-08-09 17:24:00'),
(657, 80, 7, 44, 'b', 1, 20, '2023-08-09 17:24:00'),
(658, 80, 7, 47, 'a', 1, 20, '2023-08-09 17:24:00'),
(659, 80, 7, 43, 'c', 1, 20, '2023-08-09 17:24:00'),
(660, 80, 7, 50, 'a', 1, 20, '2023-08-09 17:24:00'),
(661, 84, 7, 45, 'Model Answer Text', 1, 20, '2023-08-09 13:21:00'),
(662, 84, 7, 44, 'wrong', 0, 0, '2023-08-09 13:21:00'),
(663, 84, 7, 47, 'wrong', 0, 0, '2023-08-09 13:21:00'),
(664, 84, 7, 43, 'wrong', 0, 0, '2023-08-09 13:21:00'),
(665, 84, 7, 50, 'a', 1, 20, '2023-08-09 13:21:00'),
(666, 85, 7, 45, 'Model Answer Text', 1, 20, '2023-08-09 17:16:00'),
(667, 85, 7, 44, 'wrong', 0, 0, '2023-08-09 17:16:00'),
(668, 85, 7, 47, 'a', 1, 20, '2023-08-09 17:16:00'),
(669, 85, 7, 43, 'c', 1, 20, '2023-08-09 17:16:00'),
(670, 85, 7, 50, 'a', 1, 20, '2023-08-09 17:16:00'),
(671, 86, 7, 45, 'Model Answer Text', 1, 20, '2023-08-09 18:01:00'),
(672, 86, 7, 44, 'b', 1, 20, '2023-08-09 18:01:00'),
(673, 86, 7, 47, 'a', 1, 20, '2023-08-09 18:01:00'),
(674, 86, 7, 43, 'c', 1, 20, '2023-08-09 18:01:00'),
(675, 86, 7, 50, 'a', 1, 20, '2023-08-09 18:01:00'),
(676, 93, 7, 45, 'wrong', 0, 0, '2023-08-09 17:16:00'),
(677, 93, 7, 44, 'b', 1, 20, '2023-08-09 17:16:00'),
(678, 93, 7, 47, 'a', 1, 20, '2023-08-09 17:16:00'),
(679, 93, 7, 43, 'c', 1, 20, '2023-08-09 17:16:00'),
(680, 93, 7, 50, 'wrong', 0, 0, '2023-08-09 17:16:00'),
(681, 100, 7, 45, 'Model Answer Text', 1, 20, '2023-08-09 17:22:00'),
(682, 100, 7, 44, 'b', 1, 20, '2023-08-09 17:22:00'),
(683, 100, 7, 47, 'a', 1, 20, '2023-08-09 17:22:00'),
(684, 100, 7, 43, 'c', 1, 20, '2023-08-09 17:22:00'),
(685, 100, 7, 50, 'wrong', 0, 0, '2023-08-09 17:22:00'),
(686, 1, 8, 57, 'Model Answer Text', 1, 20, '2023-10-27 15:44:00'),
(687, 1, 8, 54, 'b', 1, 20, '2023-10-27 15:44:00'),
(688, 1, 8, 59, 'Model Answer Text', 1, 20, '2023-10-27 15:44:00'),
(689, 1, 8, 52, 'Model Answer Text', 1, 20, '2023-10-27 15:44:00'),
(690, 1, 8, 56, 'Model Answer Text', 1, 20, '2023-10-27 15:44:00'),
(691, 6, 8, 57, 'Model Answer Text', 1, 20, '2023-10-27 17:50:00'),
(692, 6, 8, 54, 'b', 1, 20, '2023-10-27 17:50:00'),
(693, 6, 8, 59, 'Model Answer Text', 1, 20, '2023-10-27 17:50:00'),
(694, 6, 8, 52, 'wrong', 0, 0, '2023-10-27 17:50:00'),
(695, 6, 8, 56, 'Model Answer Text', 1, 20, '2023-10-27 17:50:00'),
(696, 9, 8, 57, 'Model Answer Text', 1, 20, '2023-10-27 18:41:00'),
(697, 9, 8, 54, 'b', 1, 20, '2023-10-27 18:41:00'),
(698, 9, 8, 59, 'Model Answer Text', 1, 20, '2023-10-27 18:41:00'),
(699, 9, 8, 52, 'Model Answer Text', 1, 20, '2023-10-27 18:41:00'),
(700, 9, 8, 56, 'wrong', 0, 0, '2023-10-27 18:41:00');
INSERT INTO Student_Answer ([ANS_ID], [STD_ID], [EX_ID], [Q_ID], [Student_Answer], [Is_Correct], [Obtained_Marks], [ANS_At]) VALUES
(701, 23, 8, 57, 'Model Answer Text', 1, 20, '2023-10-27 15:39:00'),
(702, 23, 8, 54, 'b', 1, 20, '2023-10-27 15:39:00'),
(703, 23, 8, 59, 'Model Answer Text', 1, 20, '2023-10-27 15:39:00'),
(704, 23, 8, 52, 'Model Answer Text', 1, 20, '2023-10-27 15:39:00'),
(705, 23, 8, 56, 'wrong', 0, 0, '2023-10-27 15:39:00'),
(706, 33, 8, 57, 'Model Answer Text', 1, 20, '2023-10-27 18:20:00'),
(707, 33, 8, 54, 'b', 1, 20, '2023-10-27 18:20:00'),
(708, 33, 8, 59, 'Model Answer Text', 1, 20, '2023-10-27 18:20:00'),
(709, 33, 8, 52, 'Model Answer Text', 1, 20, '2023-10-27 18:20:00'),
(710, 33, 8, 56, 'Model Answer Text', 1, 20, '2023-10-27 18:20:00'),
(711, 36, 8, 57, 'Model Answer Text', 1, 20, '2023-10-27 13:42:00'),
(712, 36, 8, 54, 'b', 1, 20, '2023-10-27 13:42:00'),
(713, 36, 8, 59, 'wrong', 0, 0, '2023-10-27 13:42:00'),
(714, 36, 8, 52, 'Model Answer Text', 1, 20, '2023-10-27 13:42:00'),
(715, 36, 8, 56, 'Model Answer Text', 1, 20, '2023-10-27 13:42:00'),
(716, 38, 8, 57, 'Model Answer Text', 1, 20, '2023-10-27 11:47:00'),
(717, 38, 8, 54, 'b', 1, 20, '2023-10-27 11:47:00'),
(718, 38, 8, 59, 'wrong', 0, 0, '2023-10-27 11:47:00'),
(719, 38, 8, 52, 'wrong', 0, 0, '2023-10-27 11:47:00'),
(720, 38, 8, 56, 'Model Answer Text', 1, 20, '2023-10-27 11:47:00'),
(721, 48, 8, 57, 'Model Answer Text', 1, 20, '2023-10-27 11:29:00'),
(722, 48, 8, 54, 'b', 1, 20, '2023-10-27 11:29:00'),
(723, 48, 8, 59, 'Model Answer Text', 1, 20, '2023-10-27 11:29:00'),
(724, 48, 8, 52, 'Model Answer Text', 1, 20, '2023-10-27 11:29:00'),
(725, 48, 8, 56, 'Model Answer Text', 1, 20, '2023-10-27 11:29:00'),
(726, 49, 8, 57, 'Model Answer Text', 1, 20, '2023-10-27 11:02:00'),
(727, 49, 8, 54, 'b', 1, 20, '2023-10-27 11:02:00'),
(728, 49, 8, 59, 'Model Answer Text', 1, 20, '2023-10-27 11:02:00'),
(729, 49, 8, 52, 'wrong', 0, 0, '2023-10-27 11:02:00'),
(730, 49, 8, 56, 'Model Answer Text', 1, 20, '2023-10-27 11:02:00'),
(731, 50, 8, 57, 'Model Answer Text', 1, 20, '2023-10-27 10:53:00'),
(732, 50, 8, 54, 'b', 1, 20, '2023-10-27 10:53:00'),
(733, 50, 8, 59, 'Model Answer Text', 1, 20, '2023-10-27 10:53:00'),
(734, 50, 8, 52, 'Model Answer Text', 1, 20, '2023-10-27 10:53:00'),
(735, 50, 8, 56, 'Model Answer Text', 1, 20, '2023-10-27 10:53:00'),
(736, 57, 8, 57, 'Model Answer Text', 1, 20, '2023-10-27 14:51:00'),
(737, 57, 8, 54, 'b', 1, 20, '2023-10-27 14:51:00'),
(738, 57, 8, 59, 'Model Answer Text', 1, 20, '2023-10-27 14:51:00'),
(739, 57, 8, 52, 'Model Answer Text', 1, 20, '2023-10-27 14:51:00'),
(740, 57, 8, 56, 'Model Answer Text', 1, 20, '2023-10-27 14:51:00'),
(741, 58, 8, 57, 'Model Answer Text', 1, 20, '2023-10-27 13:14:00'),
(742, 58, 8, 54, 'b', 1, 20, '2023-10-27 13:14:00'),
(743, 58, 8, 59, 'wrong', 0, 0, '2023-10-27 13:14:00'),
(744, 58, 8, 52, 'Model Answer Text', 1, 20, '2023-10-27 13:14:00'),
(745, 58, 8, 56, 'Model Answer Text', 1, 20, '2023-10-27 13:14:00'),
(746, 68, 8, 57, 'Model Answer Text', 1, 20, '2023-10-27 13:02:00'),
(747, 68, 8, 54, 'wrong', 0, 0, '2023-10-27 13:02:00'),
(748, 68, 8, 59, 'Model Answer Text', 1, 20, '2023-10-27 13:02:00'),
(749, 68, 8, 52, 'Model Answer Text', 1, 20, '2023-10-27 13:02:00'),
(750, 68, 8, 56, 'Model Answer Text', 1, 20, '2023-10-27 13:02:00'),
(751, 69, 8, 57, 'Model Answer Text', 1, 20, '2023-10-27 13:49:00'),
(752, 69, 8, 54, 'b', 1, 20, '2023-10-27 13:49:00'),
(753, 69, 8, 59, 'wrong', 0, 0, '2023-10-27 13:49:00'),
(754, 69, 8, 52, 'Model Answer Text', 1, 20, '2023-10-27 13:49:00'),
(755, 69, 8, 56, 'wrong', 0, 0, '2023-10-27 13:49:00'),
(756, 71, 8, 57, 'Model Answer Text', 1, 20, '2023-10-27 13:42:00'),
(757, 71, 8, 54, 'b', 1, 20, '2023-10-27 13:42:00'),
(758, 71, 8, 59, 'Model Answer Text', 1, 20, '2023-10-27 13:42:00'),
(759, 71, 8, 52, 'Model Answer Text', 1, 20, '2023-10-27 13:42:00'),
(760, 71, 8, 56, 'Model Answer Text', 1, 20, '2023-10-27 13:42:00'),
(761, 74, 8, 57, 'wrong', 0, 0, '2023-10-27 14:47:00'),
(762, 74, 8, 54, 'b', 1, 20, '2023-10-27 14:47:00'),
(763, 74, 8, 59, 'Model Answer Text', 1, 20, '2023-10-27 14:47:00'),
(764, 74, 8, 52, 'Model Answer Text', 1, 20, '2023-10-27 14:47:00'),
(765, 74, 8, 56, 'Model Answer Text', 1, 20, '2023-10-27 14:47:00'),
(766, 75, 8, 57, 'Model Answer Text', 1, 20, '2023-10-27 10:28:00'),
(767, 75, 8, 54, 'wrong', 0, 0, '2023-10-27 10:28:00'),
(768, 75, 8, 59, 'wrong', 0, 0, '2023-10-27 10:28:00'),
(769, 75, 8, 52, 'wrong', 0, 0, '2023-10-27 10:28:00'),
(770, 75, 8, 56, 'Model Answer Text', 1, 20, '2023-10-27 10:28:00'),
(771, 80, 8, 57, 'Model Answer Text', 1, 20, '2023-10-27 10:30:00'),
(772, 80, 8, 54, 'b', 1, 20, '2023-10-27 10:30:00'),
(773, 80, 8, 59, 'Model Answer Text', 1, 20, '2023-10-27 10:30:00'),
(774, 80, 8, 52, 'Model Answer Text', 1, 20, '2023-10-27 10:30:00'),
(775, 80, 8, 56, 'wrong', 0, 0, '2023-10-27 10:30:00'),
(776, 84, 8, 57, 'Model Answer Text', 1, 20, '2023-10-27 18:18:00'),
(777, 84, 8, 54, 'wrong', 0, 0, '2023-10-27 18:18:00'),
(778, 84, 8, 59, 'wrong', 0, 0, '2023-10-27 18:18:00'),
(779, 84, 8, 52, 'wrong', 0, 0, '2023-10-27 18:18:00'),
(780, 84, 8, 56, 'Model Answer Text', 1, 20, '2023-10-27 18:18:00'),
(781, 85, 8, 57, 'Model Answer Text', 1, 20, '2023-10-27 10:55:00'),
(782, 85, 8, 54, 'b', 1, 20, '2023-10-27 10:55:00'),
(783, 85, 8, 59, 'Model Answer Text', 1, 20, '2023-10-27 10:55:00'),
(784, 85, 8, 52, 'wrong', 0, 0, '2023-10-27 10:55:00'),
(785, 85, 8, 56, 'Model Answer Text', 1, 20, '2023-10-27 10:55:00'),
(786, 86, 8, 57, 'Model Answer Text', 1, 20, '2023-10-27 13:50:00'),
(787, 86, 8, 54, 'b', 1, 20, '2023-10-27 13:50:00'),
(788, 86, 8, 59, 'Model Answer Text', 1, 20, '2023-10-27 13:50:00'),
(789, 86, 8, 52, 'Model Answer Text', 1, 20, '2023-10-27 13:50:00'),
(790, 86, 8, 56, 'Model Answer Text', 1, 20, '2023-10-27 13:50:00'),
(791, 93, 8, 57, 'Model Answer Text', 1, 20, '2023-10-27 13:01:00'),
(792, 93, 8, 54, 'b', 1, 20, '2023-10-27 13:01:00'),
(793, 93, 8, 59, 'Model Answer Text', 1, 20, '2023-10-27 13:01:00'),
(794, 93, 8, 52, 'Model Answer Text', 1, 20, '2023-10-27 13:01:00'),
(795, 93, 8, 56, 'Model Answer Text', 1, 20, '2023-10-27 13:01:00'),
(796, 100, 8, 57, 'Model Answer Text', 1, 20, '2023-10-27 12:30:00'),
(797, 100, 8, 54, 'b', 1, 20, '2023-10-27 12:30:00'),
(798, 100, 8, 59, 'Model Answer Text', 1, 20, '2023-10-27 12:30:00'),
(799, 100, 8, 52, 'Model Answer Text', 1, 20, '2023-10-27 12:30:00'),
(800, 100, 8, 56, 'wrong', 0, 0, '2023-10-27 12:30:00');
INSERT INTO Student_Answer ([ANS_ID], [STD_ID], [EX_ID], [Q_ID], [Student_Answer], [Is_Correct], [Obtained_Marks], [ANS_At]) VALUES
(801, 13, 9, 25, 'Model Answer Text', 1, 20, '2023-10-14 17:05:00'),
(802, 13, 9, 30, 'a', 1, 20, '2023-10-14 17:05:00'),
(803, 13, 9, 26, 'wrong', 0, 0, '2023-10-14 17:05:00'),
(804, 13, 9, 23, 'Model Answer Text', 1, 20, '2023-10-14 17:05:00'),
(805, 13, 9, 27, 'b', 1, 20, '2023-10-14 17:05:00'),
(806, 18, 9, 25, 'Model Answer Text', 1, 20, '2023-10-14 10:04:00'),
(807, 18, 9, 30, 'wrong', 0, 0, '2023-10-14 10:04:00'),
(808, 18, 9, 26, 'b', 1, 20, '2023-10-14 10:04:00'),
(809, 18, 9, 23, 'Model Answer Text', 1, 20, '2023-10-14 10:04:00'),
(810, 18, 9, 27, 'b', 1, 20, '2023-10-14 10:04:00'),
(811, 20, 9, 25, 'Model Answer Text', 1, 20, '2023-10-14 14:22:00'),
(812, 20, 9, 30, 'a', 1, 20, '2023-10-14 14:22:00'),
(813, 20, 9, 26, 'b', 1, 20, '2023-10-14 14:22:00'),
(814, 20, 9, 23, 'Model Answer Text', 1, 20, '2023-10-14 14:22:00'),
(815, 20, 9, 27, 'b', 1, 20, '2023-10-14 14:22:00'),
(816, 39, 9, 25, 'wrong', 0, 0, '2023-10-14 13:13:00'),
(817, 39, 9, 30, 'wrong', 0, 0, '2023-10-14 13:13:00'),
(818, 39, 9, 26, 'b', 1, 20, '2023-10-14 13:13:00'),
(819, 39, 9, 23, 'Model Answer Text', 1, 20, '2023-10-14 13:13:00'),
(820, 39, 9, 27, 'b', 1, 20, '2023-10-14 13:13:00'),
(821, 41, 9, 25, 'Model Answer Text', 1, 20, '2023-10-14 11:18:00'),
(822, 41, 9, 30, 'a', 1, 20, '2023-10-14 11:18:00'),
(823, 41, 9, 26, 'b', 1, 20, '2023-10-14 11:18:00'),
(824, 41, 9, 23, 'Model Answer Text', 1, 20, '2023-10-14 11:18:00'),
(825, 41, 9, 27, 'b', 1, 20, '2023-10-14 11:18:00'),
(826, 42, 9, 25, 'wrong', 0, 0, '2023-10-14 10:07:00'),
(827, 42, 9, 30, 'a', 1, 20, '2023-10-14 10:07:00'),
(828, 42, 9, 26, 'b', 1, 20, '2023-10-14 10:07:00'),
(829, 42, 9, 23, 'Model Answer Text', 1, 20, '2023-10-14 10:07:00'),
(830, 42, 9, 27, 'wrong', 0, 0, '2023-10-14 10:07:00'),
(831, 43, 9, 25, 'Model Answer Text', 1, 20, '2023-10-14 10:20:00'),
(832, 43, 9, 30, 'wrong', 0, 0, '2023-10-14 10:20:00'),
(833, 43, 9, 26, 'b', 1, 20, '2023-10-14 10:20:00'),
(834, 43, 9, 23, 'Model Answer Text', 1, 20, '2023-10-14 10:20:00'),
(835, 43, 9, 27, 'b', 1, 20, '2023-10-14 10:20:00'),
(836, 46, 9, 25, 'Model Answer Text', 1, 20, '2023-10-14 16:14:00'),
(837, 46, 9, 30, 'wrong', 0, 0, '2023-10-14 16:14:00'),
(838, 46, 9, 26, 'b', 1, 20, '2023-10-14 16:14:00'),
(839, 46, 9, 23, 'Model Answer Text', 1, 20, '2023-10-14 16:14:00'),
(840, 46, 9, 27, 'b', 1, 20, '2023-10-14 16:14:00'),
(841, 63, 9, 25, 'Model Answer Text', 1, 20, '2023-10-14 13:08:00'),
(842, 63, 9, 30, 'wrong', 0, 0, '2023-10-14 13:08:00'),
(843, 63, 9, 26, 'wrong', 0, 0, '2023-10-14 13:08:00'),
(844, 63, 9, 23, 'Model Answer Text', 1, 20, '2023-10-14 13:08:00'),
(845, 63, 9, 27, 'b', 1, 20, '2023-10-14 13:08:00'),
(846, 70, 9, 25, 'Model Answer Text', 1, 20, '2023-10-14 11:31:00'),
(847, 70, 9, 30, 'wrong', 0, 0, '2023-10-14 11:31:00'),
(848, 70, 9, 26, 'b', 1, 20, '2023-10-14 11:31:00'),
(849, 70, 9, 23, 'Model Answer Text', 1, 20, '2023-10-14 11:31:00'),
(850, 70, 9, 27, 'b', 1, 20, '2023-10-14 11:31:00'),
(851, 73, 9, 25, 'Model Answer Text', 1, 20, '2023-10-14 10:37:00'),
(852, 73, 9, 30, 'a', 1, 20, '2023-10-14 10:37:00'),
(853, 73, 9, 26, 'b', 1, 20, '2023-10-14 10:37:00'),
(854, 73, 9, 23, 'wrong', 0, 0, '2023-10-14 10:37:00'),
(855, 73, 9, 27, 'b', 1, 20, '2023-10-14 10:37:00'),
(856, 78, 9, 25, 'Model Answer Text', 1, 20, '2023-10-14 15:03:00'),
(857, 78, 9, 30, 'a', 1, 20, '2023-10-14 15:03:00'),
(858, 78, 9, 26, 'b', 1, 20, '2023-10-14 15:03:00'),
(859, 78, 9, 23, 'wrong', 0, 0, '2023-10-14 15:03:00'),
(860, 78, 9, 27, 'wrong', 0, 0, '2023-10-14 15:03:00'),
(861, 79, 9, 25, 'Model Answer Text', 1, 20, '2023-10-14 14:51:00'),
(862, 79, 9, 30, 'a', 1, 20, '2023-10-14 14:51:00'),
(863, 79, 9, 26, 'wrong', 0, 0, '2023-10-14 14:51:00'),
(864, 79, 9, 23, 'Model Answer Text', 1, 20, '2023-10-14 14:51:00'),
(865, 79, 9, 27, 'b', 1, 20, '2023-10-14 14:51:00'),
(866, 82, 9, 25, 'wrong', 0, 0, '2023-10-14 15:02:00'),
(867, 82, 9, 30, 'a', 1, 20, '2023-10-14 15:02:00'),
(868, 82, 9, 26, 'wrong', 0, 0, '2023-10-14 15:02:00'),
(869, 82, 9, 23, 'wrong', 0, 0, '2023-10-14 15:02:00'),
(870, 82, 9, 27, 'b', 1, 20, '2023-10-14 15:02:00'),
(871, 88, 9, 25, 'Model Answer Text', 1, 20, '2023-10-14 15:58:00'),
(872, 88, 9, 30, 'a', 1, 20, '2023-10-14 15:58:00'),
(873, 88, 9, 26, 'b', 1, 20, '2023-10-14 15:58:00'),
(874, 88, 9, 23, 'Model Answer Text', 1, 20, '2023-10-14 15:58:00'),
(875, 88, 9, 27, 'wrong', 0, 0, '2023-10-14 15:58:00'),
(876, 89, 9, 25, 'Model Answer Text', 1, 20, '2023-10-14 15:40:00'),
(877, 89, 9, 30, 'a', 1, 20, '2023-10-14 15:40:00'),
(878, 89, 9, 26, 'b', 1, 20, '2023-10-14 15:40:00'),
(879, 89, 9, 23, 'Model Answer Text', 1, 20, '2023-10-14 15:40:00'),
(880, 89, 9, 27, 'b', 1, 20, '2023-10-14 15:40:00'),
(881, 90, 9, 25, 'Model Answer Text', 1, 20, '2023-10-14 16:39:00'),
(882, 90, 9, 30, 'a', 1, 20, '2023-10-14 16:39:00'),
(883, 90, 9, 26, 'b', 1, 20, '2023-10-14 16:39:00'),
(884, 90, 9, 23, 'Model Answer Text', 1, 20, '2023-10-14 16:39:00'),
(885, 90, 9, 27, 'b', 1, 20, '2023-10-14 16:39:00'),
(886, 96, 9, 25, 'Model Answer Text', 1, 20, '2023-10-14 14:18:00'),
(887, 96, 9, 30, 'a', 1, 20, '2023-10-14 14:18:00'),
(888, 96, 9, 26, 'b', 1, 20, '2023-10-14 14:18:00'),
(889, 96, 9, 23, 'Model Answer Text', 1, 20, '2023-10-14 14:18:00'),
(890, 96, 9, 27, 'b', 1, 20, '2023-10-14 14:18:00'),
(891, 13, 10, 48, 'b', 1, 20, '2023-04-14 17:18:00'),
(892, 13, 10, 46, 'wrong', 0, 0, '2023-04-14 17:18:00'),
(893, 13, 10, 44, 'b', 1, 20, '2023-04-14 17:18:00'),
(894, 13, 10, 49, 'wrong', 0, 0, '2023-04-14 17:18:00'),
(895, 13, 10, 43, 'c', 1, 20, '2023-04-14 17:18:00'),
(896, 18, 10, 48, 'b', 1, 20, '2023-04-14 18:19:00'),
(897, 18, 10, 46, 'wrong', 0, 0, '2023-04-14 18:19:00'),
(898, 18, 10, 44, 'b', 1, 20, '2023-04-14 18:19:00'),
(899, 18, 10, 49, 'Model Answer Text', 1, 20, '2023-04-14 18:19:00'),
(900, 18, 10, 43, 'c', 1, 20, '2023-04-14 18:19:00');
INSERT INTO Student_Answer ([ANS_ID], [STD_ID], [EX_ID], [Q_ID], [Student_Answer], [Is_Correct], [Obtained_Marks], [ANS_At]) VALUES
(901, 20, 10, 48, 'b', 1, 20, '2023-04-14 15:08:00'),
(902, 20, 10, 46, 'wrong', 0, 0, '2023-04-14 15:08:00'),
(903, 20, 10, 44, 'b', 1, 20, '2023-04-14 15:08:00'),
(904, 20, 10, 49, 'Model Answer Text', 1, 20, '2023-04-14 15:08:00'),
(905, 20, 10, 43, 'wrong', 0, 0, '2023-04-14 15:08:00'),
(906, 39, 10, 48, 'b', 1, 20, '2023-04-14 10:14:00'),
(907, 39, 10, 46, 'b', 1, 20, '2023-04-14 10:14:00'),
(908, 39, 10, 44, 'b', 1, 20, '2023-04-14 10:14:00'),
(909, 39, 10, 49, 'Model Answer Text', 1, 20, '2023-04-14 10:14:00'),
(910, 39, 10, 43, 'c', 1, 20, '2023-04-14 10:14:00'),
(911, 41, 10, 48, 'b', 1, 20, '2023-04-14 18:26:00'),
(912, 41, 10, 46, 'b', 1, 20, '2023-04-14 18:26:00'),
(913, 41, 10, 44, 'b', 1, 20, '2023-04-14 18:26:00'),
(914, 41, 10, 49, 'wrong', 0, 0, '2023-04-14 18:26:00'),
(915, 41, 10, 43, 'c', 1, 20, '2023-04-14 18:26:00'),
(916, 42, 10, 48, 'wrong', 0, 0, '2023-04-14 12:31:00'),
(917, 42, 10, 46, 'b', 1, 20, '2023-04-14 12:31:00'),
(918, 42, 10, 44, 'b', 1, 20, '2023-04-14 12:31:00'),
(919, 42, 10, 49, 'wrong', 0, 0, '2023-04-14 12:31:00'),
(920, 42, 10, 43, 'c', 1, 20, '2023-04-14 12:31:00'),
(921, 43, 10, 48, 'b', 1, 20, '2023-04-14 14:25:00'),
(922, 43, 10, 46, 'b', 1, 20, '2023-04-14 14:25:00'),
(923, 43, 10, 44, 'wrong', 0, 0, '2023-04-14 14:25:00'),
(924, 43, 10, 49, 'Model Answer Text', 1, 20, '2023-04-14 14:25:00'),
(925, 43, 10, 43, 'c', 1, 20, '2023-04-14 14:25:00'),
(926, 46, 10, 48, 'wrong', 0, 0, '2023-04-14 13:49:00'),
(927, 46, 10, 46, 'b', 1, 20, '2023-04-14 13:49:00'),
(928, 46, 10, 44, 'b', 1, 20, '2023-04-14 13:49:00'),
(929, 46, 10, 49, 'wrong', 0, 0, '2023-04-14 13:49:00'),
(930, 46, 10, 43, 'c', 1, 20, '2023-04-14 13:49:00'),
(931, 63, 10, 48, 'b', 1, 20, '2023-04-14 12:30:00'),
(932, 63, 10, 46, 'wrong', 0, 0, '2023-04-14 12:30:00'),
(933, 63, 10, 44, 'b', 1, 20, '2023-04-14 12:30:00'),
(934, 63, 10, 49, 'wrong', 0, 0, '2023-04-14 12:30:00'),
(935, 63, 10, 43, 'c', 1, 20, '2023-04-14 12:30:00'),
(936, 70, 10, 48, 'b', 1, 20, '2023-04-14 10:51:00'),
(937, 70, 10, 46, 'b', 1, 20, '2023-04-14 10:51:00'),
(938, 70, 10, 44, 'b', 1, 20, '2023-04-14 10:51:00'),
(939, 70, 10, 49, 'Model Answer Text', 1, 20, '2023-04-14 10:51:00'),
(940, 70, 10, 43, 'c', 1, 20, '2023-04-14 10:51:00'),
(941, 73, 10, 48, 'b', 1, 20, '2023-04-14 11:26:00'),
(942, 73, 10, 46, 'b', 1, 20, '2023-04-14 11:26:00'),
(943, 73, 10, 44, 'b', 1, 20, '2023-04-14 11:26:00'),
(944, 73, 10, 49, 'Model Answer Text', 1, 20, '2023-04-14 11:26:00'),
(945, 73, 10, 43, 'wrong', 0, 0, '2023-04-14 11:26:00'),
(946, 78, 10, 48, 'b', 1, 20, '2023-04-14 11:03:00'),
(947, 78, 10, 46, 'b', 1, 20, '2023-04-14 11:03:00'),
(948, 78, 10, 44, 'wrong', 0, 0, '2023-04-14 11:03:00'),
(949, 78, 10, 49, 'Model Answer Text', 1, 20, '2023-04-14 11:03:00'),
(950, 78, 10, 43, 'c', 1, 20, '2023-04-14 11:03:00'),
(951, 79, 10, 48, 'b', 1, 20, '2023-04-14 14:16:00'),
(952, 79, 10, 46, 'wrong', 0, 0, '2023-04-14 14:16:00'),
(953, 79, 10, 44, 'b', 1, 20, '2023-04-14 14:16:00'),
(954, 79, 10, 49, 'Model Answer Text', 1, 20, '2023-04-14 14:16:00'),
(955, 79, 10, 43, 'c', 1, 20, '2023-04-14 14:16:00'),
(956, 82, 10, 48, 'b', 1, 20, '2023-04-14 14:00:00'),
(957, 82, 10, 46, 'wrong', 0, 0, '2023-04-14 14:00:00'),
(958, 82, 10, 44, 'b', 1, 20, '2023-04-14 14:00:00'),
(959, 82, 10, 49, 'Model Answer Text', 1, 20, '2023-04-14 14:00:00'),
(960, 82, 10, 43, 'c', 1, 20, '2023-04-14 14:00:00'),
(961, 88, 10, 48, 'b', 1, 20, '2023-04-14 13:58:00'),
(962, 88, 10, 46, 'b', 1, 20, '2023-04-14 13:58:00'),
(963, 88, 10, 44, 'b', 1, 20, '2023-04-14 13:58:00'),
(964, 88, 10, 49, 'Model Answer Text', 1, 20, '2023-04-14 13:58:00'),
(965, 88, 10, 43, 'c', 1, 20, '2023-04-14 13:58:00'),
(966, 89, 10, 48, 'b', 1, 20, '2023-04-14 11:35:00'),
(967, 89, 10, 46, 'wrong', 0, 0, '2023-04-14 11:35:00'),
(968, 89, 10, 44, 'b', 1, 20, '2023-04-14 11:35:00'),
(969, 89, 10, 49, 'Model Answer Text', 1, 20, '2023-04-14 11:35:00'),
(970, 89, 10, 43, 'c', 1, 20, '2023-04-14 11:35:00'),
(971, 90, 10, 48, 'wrong', 0, 0, '2023-04-14 17:04:00'),
(972, 90, 10, 46, 'b', 1, 20, '2023-04-14 17:04:00'),
(973, 90, 10, 44, 'b', 1, 20, '2023-04-14 17:04:00'),
(974, 90, 10, 49, 'Model Answer Text', 1, 20, '2023-04-14 17:04:00'),
(975, 90, 10, 43, 'c', 1, 20, '2023-04-14 17:04:00'),
(976, 96, 10, 48, 'wrong', 0, 0, '2023-04-14 14:36:00'),
(977, 96, 10, 46, 'b', 1, 20, '2023-04-14 14:36:00'),
(978, 96, 10, 44, 'wrong', 0, 0, '2023-04-14 14:36:00'),
(979, 96, 10, 49, 'Model Answer Text', 1, 20, '2023-04-14 14:36:00'),
(980, 96, 10, 43, 'c', 1, 20, '2023-04-14 14:36:00'),
(981, 13, 11, 60, 'wrong', 0, 0, '2023-04-15 17:37:00'),
(982, 13, 11, 53, 'Model Answer Text', 1, 20, '2023-04-15 17:37:00'),
(983, 13, 11, 54, 'b', 1, 20, '2023-04-15 17:37:00'),
(984, 13, 11, 52, 'Model Answer Text', 1, 20, '2023-04-15 17:37:00'),
(985, 13, 11, 51, 'Model Answer Text', 1, 20, '2023-04-15 17:37:00'),
(986, 18, 11, 60, 'Model Answer Text', 1, 20, '2023-04-15 16:33:00'),
(987, 18, 11, 53, 'Model Answer Text', 1, 20, '2023-04-15 16:33:00'),
(988, 18, 11, 54, 'b', 1, 20, '2023-04-15 16:33:00'),
(989, 18, 11, 52, 'Model Answer Text', 1, 20, '2023-04-15 16:33:00'),
(990, 18, 11, 51, 'Model Answer Text', 1, 20, '2023-04-15 16:33:00'),
(991, 20, 11, 60, 'Model Answer Text', 1, 20, '2023-04-15 16:53:00'),
(992, 20, 11, 53, 'wrong', 0, 0, '2023-04-15 16:53:00'),
(993, 20, 11, 54, 'b', 1, 20, '2023-04-15 16:53:00'),
(994, 20, 11, 52, 'Model Answer Text', 1, 20, '2023-04-15 16:53:00'),
(995, 20, 11, 51, 'wrong', 0, 0, '2023-04-15 16:53:00'),
(996, 39, 11, 60, 'Model Answer Text', 1, 20, '2023-04-15 12:37:00'),
(997, 39, 11, 53, 'wrong', 0, 0, '2023-04-15 12:37:00'),
(998, 39, 11, 54, 'b', 1, 20, '2023-04-15 12:37:00'),
(999, 39, 11, 52, 'Model Answer Text', 1, 20, '2023-04-15 12:37:00'),
(1000, 39, 11, 51, 'Model Answer Text', 1, 20, '2023-04-15 12:37:00');
INSERT INTO Student_Answer ([ANS_ID], [STD_ID], [EX_ID], [Q_ID], [Student_Answer], [Is_Correct], [Obtained_Marks], [ANS_At]) VALUES
(1001, 41, 11, 60, 'Model Answer Text', 1, 20, '2023-04-15 12:51:00'),
(1002, 41, 11, 53, 'Model Answer Text', 1, 20, '2023-04-15 12:51:00'),
(1003, 41, 11, 54, 'wrong', 0, 0, '2023-04-15 12:51:00'),
(1004, 41, 11, 52, 'Model Answer Text', 1, 20, '2023-04-15 12:51:00'),
(1005, 41, 11, 51, 'Model Answer Text', 1, 20, '2023-04-15 12:51:00'),
(1006, 42, 11, 60, 'Model Answer Text', 1, 20, '2023-04-15 14:42:00'),
(1007, 42, 11, 53, 'wrong', 0, 0, '2023-04-15 14:42:00'),
(1008, 42, 11, 54, 'wrong', 0, 0, '2023-04-15 14:42:00'),
(1009, 42, 11, 52, 'Model Answer Text', 1, 20, '2023-04-15 14:42:00'),
(1010, 42, 11, 51, 'wrong', 0, 0, '2023-04-15 14:42:00'),
(1011, 43, 11, 60, 'Model Answer Text', 1, 20, '2023-04-15 12:35:00'),
(1012, 43, 11, 53, 'Model Answer Text', 1, 20, '2023-04-15 12:35:00'),
(1013, 43, 11, 54, 'wrong', 0, 0, '2023-04-15 12:35:00'),
(1014, 43, 11, 52, 'Model Answer Text', 1, 20, '2023-04-15 12:35:00'),
(1015, 43, 11, 51, 'Model Answer Text', 1, 20, '2023-04-15 12:35:00'),
(1016, 46, 11, 60, 'Model Answer Text', 1, 20, '2023-04-15 10:37:00'),
(1017, 46, 11, 53, 'Model Answer Text', 1, 20, '2023-04-15 10:37:00'),
(1018, 46, 11, 54, 'b', 1, 20, '2023-04-15 10:37:00'),
(1019, 46, 11, 52, 'Model Answer Text', 1, 20, '2023-04-15 10:37:00'),
(1020, 46, 11, 51, 'Model Answer Text', 1, 20, '2023-04-15 10:37:00'),
(1021, 63, 11, 60, 'Model Answer Text', 1, 20, '2023-04-15 17:39:00'),
(1022, 63, 11, 53, 'Model Answer Text', 1, 20, '2023-04-15 17:39:00'),
(1023, 63, 11, 54, 'b', 1, 20, '2023-04-15 17:39:00'),
(1024, 63, 11, 52, 'wrong', 0, 0, '2023-04-15 17:39:00'),
(1025, 63, 11, 51, 'wrong', 0, 0, '2023-04-15 17:39:00'),
(1026, 70, 11, 60, 'wrong', 0, 0, '2023-04-15 14:57:00'),
(1027, 70, 11, 53, 'Model Answer Text', 1, 20, '2023-04-15 14:57:00'),
(1028, 70, 11, 54, 'b', 1, 20, '2023-04-15 14:57:00'),
(1029, 70, 11, 52, 'Model Answer Text', 1, 20, '2023-04-15 14:57:00'),
(1030, 70, 11, 51, 'Model Answer Text', 1, 20, '2023-04-15 14:57:00'),
(1031, 73, 11, 60, 'wrong', 0, 0, '2023-04-15 15:19:00'),
(1032, 73, 11, 53, 'Model Answer Text', 1, 20, '2023-04-15 15:19:00'),
(1033, 73, 11, 54, 'b', 1, 20, '2023-04-15 15:19:00'),
(1034, 73, 11, 52, 'Model Answer Text', 1, 20, '2023-04-15 15:19:00'),
(1035, 73, 11, 51, 'Model Answer Text', 1, 20, '2023-04-15 15:19:00'),
(1036, 78, 11, 60, 'Model Answer Text', 1, 20, '2023-04-15 11:50:00'),
(1037, 78, 11, 53, 'Model Answer Text', 1, 20, '2023-04-15 11:50:00'),
(1038, 78, 11, 54, 'b', 1, 20, '2023-04-15 11:50:00'),
(1039, 78, 11, 52, 'Model Answer Text', 1, 20, '2023-04-15 11:50:00'),
(1040, 78, 11, 51, 'Model Answer Text', 1, 20, '2023-04-15 11:50:00'),
(1041, 79, 11, 60, 'Model Answer Text', 1, 20, '2023-04-15 14:54:00'),
(1042, 79, 11, 53, 'Model Answer Text', 1, 20, '2023-04-15 14:54:00'),
(1043, 79, 11, 54, 'b', 1, 20, '2023-04-15 14:54:00'),
(1044, 79, 11, 52, 'wrong', 0, 0, '2023-04-15 14:54:00'),
(1045, 79, 11, 51, 'Model Answer Text', 1, 20, '2023-04-15 14:54:00'),
(1046, 82, 11, 60, 'Model Answer Text', 1, 20, '2023-04-15 12:42:00'),
(1047, 82, 11, 53, 'Model Answer Text', 1, 20, '2023-04-15 12:42:00'),
(1048, 82, 11, 54, 'b', 1, 20, '2023-04-15 12:42:00'),
(1049, 82, 11, 52, 'Model Answer Text', 1, 20, '2023-04-15 12:42:00'),
(1050, 82, 11, 51, 'Model Answer Text', 1, 20, '2023-04-15 12:42:00'),
(1051, 88, 11, 60, 'wrong', 0, 0, '2023-04-15 15:36:00'),
(1052, 88, 11, 53, 'Model Answer Text', 1, 20, '2023-04-15 15:36:00'),
(1053, 88, 11, 54, 'b', 1, 20, '2023-04-15 15:36:00'),
(1054, 88, 11, 52, 'Model Answer Text', 1, 20, '2023-04-15 15:36:00'),
(1055, 88, 11, 51, 'Model Answer Text', 1, 20, '2023-04-15 15:36:00'),
(1056, 89, 11, 60, 'Model Answer Text', 1, 20, '2023-04-15 18:31:00'),
(1057, 89, 11, 53, 'Model Answer Text', 1, 20, '2023-04-15 18:31:00'),
(1058, 89, 11, 54, 'wrong', 0, 0, '2023-04-15 18:31:00'),
(1059, 89, 11, 52, 'Model Answer Text', 1, 20, '2023-04-15 18:31:00'),
(1060, 89, 11, 51, 'Model Answer Text', 1, 20, '2023-04-15 18:31:00'),
(1061, 90, 11, 60, 'Model Answer Text', 1, 20, '2023-04-15 18:34:00'),
(1062, 90, 11, 53, 'Model Answer Text', 1, 20, '2023-04-15 18:34:00'),
(1063, 90, 11, 54, 'b', 1, 20, '2023-04-15 18:34:00'),
(1064, 90, 11, 52, 'Model Answer Text', 1, 20, '2023-04-15 18:34:00'),
(1065, 90, 11, 51, 'wrong', 0, 0, '2023-04-15 18:34:00'),
(1066, 96, 11, 60, 'Model Answer Text', 1, 20, '2023-04-15 15:06:00'),
(1067, 96, 11, 53, 'wrong', 0, 0, '2023-04-15 15:06:00'),
(1068, 96, 11, 54, 'wrong', 0, 0, '2023-04-15 15:06:00'),
(1069, 96, 11, 52, 'Model Answer Text', 1, 20, '2023-04-15 15:06:00'),
(1070, 96, 11, 51, 'Model Answer Text', 1, 20, '2023-04-15 15:06:00'),
(1071, 14, 12, 3, 'wrong', 0, 0, '2023-01-16 10:07:00'),
(1072, 14, 12, 8, 'a', 1, 20, '2023-01-16 10:07:00'),
(1073, 14, 12, 1, 'b', 1, 20, '2023-01-16 10:07:00'),
(1074, 14, 12, 9, 'Model Answer Text', 1, 20, '2023-01-16 10:07:00'),
(1075, 14, 12, 6, 'a', 1, 20, '2023-01-16 10:07:00'),
(1076, 17, 12, 3, 'a', 1, 20, '2023-01-16 10:01:00'),
(1077, 17, 12, 8, 'a', 1, 20, '2023-01-16 10:01:00'),
(1078, 17, 12, 1, 'wrong', 0, 0, '2023-01-16 10:01:00'),
(1079, 17, 12, 9, 'wrong', 0, 0, '2023-01-16 10:01:00'),
(1080, 17, 12, 6, 'a', 1, 20, '2023-01-16 10:01:00'),
(1081, 22, 12, 3, 'wrong', 0, 0, '2023-01-16 11:13:00'),
(1082, 22, 12, 8, 'wrong', 0, 0, '2023-01-16 11:13:00'),
(1083, 22, 12, 1, 'b', 1, 20, '2023-01-16 11:13:00'),
(1084, 22, 12, 9, 'Model Answer Text', 1, 20, '2023-01-16 11:13:00'),
(1085, 22, 12, 6, 'a', 1, 20, '2023-01-16 11:13:00'),
(1086, 24, 12, 3, 'a', 1, 20, '2023-01-16 12:40:00'),
(1087, 24, 12, 8, 'a', 1, 20, '2023-01-16 12:40:00'),
(1088, 24, 12, 1, 'b', 1, 20, '2023-01-16 12:40:00'),
(1089, 24, 12, 9, 'Model Answer Text', 1, 20, '2023-01-16 12:40:00'),
(1090, 24, 12, 6, 'a', 1, 20, '2023-01-16 12:40:00'),
(1091, 26, 12, 3, 'a', 1, 20, '2023-01-16 12:50:00'),
(1092, 26, 12, 8, 'a', 1, 20, '2023-01-16 12:50:00'),
(1093, 26, 12, 1, 'wrong', 0, 0, '2023-01-16 12:50:00'),
(1094, 26, 12, 9, 'wrong', 0, 0, '2023-01-16 12:50:00'),
(1095, 26, 12, 6, 'a', 1, 20, '2023-01-16 12:50:00'),
(1096, 27, 12, 3, 'a', 1, 20, '2023-01-16 13:35:00'),
(1097, 27, 12, 8, 'a', 1, 20, '2023-01-16 13:35:00'),
(1098, 27, 12, 1, 'b', 1, 20, '2023-01-16 13:35:00'),
(1099, 27, 12, 9, 'Model Answer Text', 1, 20, '2023-01-16 13:35:00'),
(1100, 27, 12, 6, 'a', 1, 20, '2023-01-16 13:35:00');
INSERT INTO Student_Answer ([ANS_ID], [STD_ID], [EX_ID], [Q_ID], [Student_Answer], [Is_Correct], [Obtained_Marks], [ANS_At]) VALUES
(1101, 29, 12, 3, 'wrong', 0, 0, '2023-01-16 18:12:00'),
(1102, 29, 12, 8, 'a', 1, 20, '2023-01-16 18:12:00'),
(1103, 29, 12, 1, 'b', 1, 20, '2023-01-16 18:12:00'),
(1104, 29, 12, 9, 'wrong', 0, 0, '2023-01-16 18:12:00'),
(1105, 29, 12, 6, 'a', 1, 20, '2023-01-16 18:12:00'),
(1106, 32, 12, 3, 'a', 1, 20, '2023-01-16 12:37:00'),
(1107, 32, 12, 8, 'a', 1, 20, '2023-01-16 12:37:00'),
(1108, 32, 12, 1, 'wrong', 0, 0, '2023-01-16 12:37:00'),
(1109, 32, 12, 9, 'Model Answer Text', 1, 20, '2023-01-16 12:37:00'),
(1110, 32, 12, 6, 'wrong', 0, 0, '2023-01-16 12:37:00'),
(1111, 37, 12, 3, 'a', 1, 20, '2023-01-16 18:01:00'),
(1112, 37, 12, 8, 'a', 1, 20, '2023-01-16 18:01:00'),
(1113, 37, 12, 1, 'b', 1, 20, '2023-01-16 18:01:00'),
(1114, 37, 12, 9, 'wrong', 0, 0, '2023-01-16 18:01:00'),
(1115, 37, 12, 6, 'a', 1, 20, '2023-01-16 18:01:00'),
(1116, 45, 12, 3, 'a', 1, 20, '2023-01-16 16:05:00'),
(1117, 45, 12, 8, 'a', 1, 20, '2023-01-16 16:05:00'),
(1118, 45, 12, 1, 'b', 1, 20, '2023-01-16 16:05:00'),
(1119, 45, 12, 9, 'Model Answer Text', 1, 20, '2023-01-16 16:05:00'),
(1120, 45, 12, 6, 'wrong', 0, 0, '2023-01-16 16:05:00'),
(1121, 51, 12, 3, 'a', 1, 20, '2023-01-16 10:13:00'),
(1122, 51, 12, 8, 'a', 1, 20, '2023-01-16 10:13:00'),
(1123, 51, 12, 1, 'wrong', 0, 0, '2023-01-16 10:13:00'),
(1124, 51, 12, 9, 'wrong', 0, 0, '2023-01-16 10:13:00'),
(1125, 51, 12, 6, 'a', 1, 20, '2023-01-16 10:13:00'),
(1126, 54, 12, 3, 'a', 1, 20, '2023-01-16 13:20:00'),
(1127, 54, 12, 8, 'wrong', 0, 0, '2023-01-16 13:20:00'),
(1128, 54, 12, 1, 'b', 1, 20, '2023-01-16 13:20:00'),
(1129, 54, 12, 9, 'wrong', 0, 0, '2023-01-16 13:20:00'),
(1130, 54, 12, 6, 'a', 1, 20, '2023-01-16 13:20:00'),
(1131, 55, 12, 3, 'wrong', 0, 0, '2023-01-16 13:35:00'),
(1132, 55, 12, 8, 'a', 1, 20, '2023-01-16 13:35:00'),
(1133, 55, 12, 1, 'b', 1, 20, '2023-01-16 13:35:00'),
(1134, 55, 12, 9, 'Model Answer Text', 1, 20, '2023-01-16 13:35:00'),
(1135, 55, 12, 6, 'wrong', 0, 0, '2023-01-16 13:35:00'),
(1136, 59, 12, 3, 'a', 1, 20, '2023-01-16 16:33:00'),
(1137, 59, 12, 8, 'a', 1, 20, '2023-01-16 16:33:00'),
(1138, 59, 12, 1, 'b', 1, 20, '2023-01-16 16:33:00'),
(1139, 59, 12, 9, 'Model Answer Text', 1, 20, '2023-01-16 16:33:00'),
(1140, 59, 12, 6, 'a', 1, 20, '2023-01-16 16:33:00'),
(1141, 60, 12, 3, 'wrong', 0, 0, '2023-01-16 11:35:00'),
(1142, 60, 12, 8, 'a', 1, 20, '2023-01-16 11:35:00'),
(1143, 60, 12, 1, 'b', 1, 20, '2023-01-16 11:35:00'),
(1144, 60, 12, 9, 'Model Answer Text', 1, 20, '2023-01-16 11:35:00'),
(1145, 60, 12, 6, 'a', 1, 20, '2023-01-16 11:35:00'),
(1146, 77, 12, 3, 'wrong', 0, 0, '2023-01-16 16:09:00'),
(1147, 77, 12, 8, 'a', 1, 20, '2023-01-16 16:09:00'),
(1148, 77, 12, 1, 'b', 1, 20, '2023-01-16 16:09:00'),
(1149, 77, 12, 9, 'Model Answer Text', 1, 20, '2023-01-16 16:09:00'),
(1150, 77, 12, 6, 'a', 1, 20, '2023-01-16 16:09:00'),
(1151, 81, 12, 3, 'a', 1, 20, '2023-01-16 17:57:00'),
(1152, 81, 12, 8, 'a', 1, 20, '2023-01-16 17:57:00'),
(1153, 81, 12, 1, 'b', 1, 20, '2023-01-16 17:57:00'),
(1154, 81, 12, 9, 'wrong', 0, 0, '2023-01-16 17:57:00'),
(1155, 81, 12, 6, 'a', 1, 20, '2023-01-16 17:57:00'),
(1156, 83, 12, 3, 'wrong', 0, 0, '2023-01-16 12:10:00'),
(1157, 83, 12, 8, 'a', 1, 20, '2023-01-16 12:10:00'),
(1158, 83, 12, 1, 'b', 1, 20, '2023-01-16 12:10:00'),
(1159, 83, 12, 9, 'Model Answer Text', 1, 20, '2023-01-16 12:10:00'),
(1160, 83, 12, 6, 'wrong', 0, 0, '2023-01-16 12:10:00'),
(1161, 95, 12, 3, 'a', 1, 20, '2023-01-16 18:03:00'),
(1162, 95, 12, 8, 'a', 1, 20, '2023-01-16 18:03:00'),
(1163, 95, 12, 1, 'wrong', 0, 0, '2023-01-16 18:03:00'),
(1164, 95, 12, 9, 'Model Answer Text', 1, 20, '2023-01-16 18:03:00'),
(1165, 95, 12, 6, 'a', 1, 20, '2023-01-16 18:03:00'),
(1166, 14, 13, 12, 'd', 1, 20, '2023-10-30 12:43:00'),
(1167, 14, 13, 17, 'Model Answer Text', 1, 20, '2023-10-30 12:43:00'),
(1168, 14, 13, 19, 'wrong', 0, 0, '2023-10-30 12:43:00'),
(1169, 14, 13, 16, 'Model Answer Text', 1, 20, '2023-10-30 12:43:00'),
(1170, 14, 13, 14, 'wrong', 0, 0, '2023-10-30 12:43:00'),
(1171, 17, 13, 12, 'd', 1, 20, '2023-10-30 16:17:00'),
(1172, 17, 13, 17, 'Model Answer Text', 1, 20, '2023-10-30 16:17:00'),
(1173, 17, 13, 19, 'wrong', 0, 0, '2023-10-30 16:17:00'),
(1174, 17, 13, 16, 'Model Answer Text', 1, 20, '2023-10-30 16:17:00'),
(1175, 17, 13, 14, 'b', 1, 20, '2023-10-30 16:17:00'),
(1176, 22, 13, 12, 'd', 1, 20, '2023-10-30 17:51:00'),
(1177, 22, 13, 17, 'wrong', 0, 0, '2023-10-30 17:51:00'),
(1178, 22, 13, 19, 'a', 1, 20, '2023-10-30 17:51:00'),
(1179, 22, 13, 16, 'Model Answer Text', 1, 20, '2023-10-30 17:51:00'),
(1180, 22, 13, 14, 'b', 1, 20, '2023-10-30 17:51:00'),
(1181, 24, 13, 12, 'd', 1, 20, '2023-10-30 16:24:00'),
(1182, 24, 13, 17, 'Model Answer Text', 1, 20, '2023-10-30 16:24:00'),
(1183, 24, 13, 19, 'a', 1, 20, '2023-10-30 16:24:00'),
(1184, 24, 13, 16, 'Model Answer Text', 1, 20, '2023-10-30 16:24:00'),
(1185, 24, 13, 14, 'b', 1, 20, '2023-10-30 16:24:00'),
(1186, 26, 13, 12, 'd', 1, 20, '2023-10-30 15:10:00'),
(1187, 26, 13, 17, 'Model Answer Text', 1, 20, '2023-10-30 15:10:00'),
(1188, 26, 13, 19, 'a', 1, 20, '2023-10-30 15:10:00'),
(1189, 26, 13, 16, 'wrong', 0, 0, '2023-10-30 15:10:00'),
(1190, 26, 13, 14, 'b', 1, 20, '2023-10-30 15:10:00'),
(1191, 27, 13, 12, 'd', 1, 20, '2023-10-30 14:50:00'),
(1192, 27, 13, 17, 'Model Answer Text', 1, 20, '2023-10-30 14:50:00'),
(1193, 27, 13, 19, 'a', 1, 20, '2023-10-30 14:50:00'),
(1194, 27, 13, 16, 'Model Answer Text', 1, 20, '2023-10-30 14:50:00'),
(1195, 27, 13, 14, 'wrong', 0, 0, '2023-10-30 14:50:00'),
(1196, 29, 13, 12, 'd', 1, 20, '2023-10-30 10:01:00'),
(1197, 29, 13, 17, 'Model Answer Text', 1, 20, '2023-10-30 10:01:00'),
(1198, 29, 13, 19, 'wrong', 0, 0, '2023-10-30 10:01:00'),
(1199, 29, 13, 16, 'Model Answer Text', 1, 20, '2023-10-30 10:01:00'),
(1200, 29, 13, 14, 'wrong', 0, 0, '2023-10-30 10:01:00');
INSERT INTO Student_Answer ([ANS_ID], [STD_ID], [EX_ID], [Q_ID], [Student_Answer], [Is_Correct], [Obtained_Marks], [ANS_At]) VALUES
(1201, 32, 13, 12, 'd', 1, 20, '2023-10-30 13:29:00'),
(1202, 32, 13, 17, 'Model Answer Text', 1, 20, '2023-10-30 13:29:00'),
(1203, 32, 13, 19, 'wrong', 0, 0, '2023-10-30 13:29:00'),
(1204, 32, 13, 16, 'Model Answer Text', 1, 20, '2023-10-30 13:29:00'),
(1205, 32, 13, 14, 'b', 1, 20, '2023-10-30 13:29:00'),
(1206, 37, 13, 12, 'wrong', 0, 0, '2023-10-30 11:50:00'),
(1207, 37, 13, 17, 'Model Answer Text', 1, 20, '2023-10-30 11:50:00'),
(1208, 37, 13, 19, 'a', 1, 20, '2023-10-30 11:50:00'),
(1209, 37, 13, 16, 'wrong', 0, 0, '2023-10-30 11:50:00'),
(1210, 37, 13, 14, 'b', 1, 20, '2023-10-30 11:50:00'),
(1211, 45, 13, 12, 'd', 1, 20, '2023-10-30 13:40:00'),
(1212, 45, 13, 17, 'Model Answer Text', 1, 20, '2023-10-30 13:40:00'),
(1213, 45, 13, 19, 'a', 1, 20, '2023-10-30 13:40:00'),
(1214, 45, 13, 16, 'Model Answer Text', 1, 20, '2023-10-30 13:40:00'),
(1215, 45, 13, 14, 'b', 1, 20, '2023-10-30 13:40:00'),
(1216, 51, 13, 12, 'wrong', 0, 0, '2023-10-30 16:40:00'),
(1217, 51, 13, 17, 'Model Answer Text', 1, 20, '2023-10-30 16:40:00'),
(1218, 51, 13, 19, 'a', 1, 20, '2023-10-30 16:40:00'),
(1219, 51, 13, 16, 'Model Answer Text', 1, 20, '2023-10-30 16:40:00'),
(1220, 51, 13, 14, 'b', 1, 20, '2023-10-30 16:40:00'),
(1221, 54, 13, 12, 'd', 1, 20, '2023-10-30 17:46:00'),
(1222, 54, 13, 17, 'Model Answer Text', 1, 20, '2023-10-30 17:46:00'),
(1223, 54, 13, 19, 'a', 1, 20, '2023-10-30 17:46:00'),
(1224, 54, 13, 16, 'wrong', 0, 0, '2023-10-30 17:46:00'),
(1225, 54, 13, 14, 'b', 1, 20, '2023-10-30 17:46:00'),
(1226, 55, 13, 12, 'd', 1, 20, '2023-10-30 13:45:00'),
(1227, 55, 13, 17, 'Model Answer Text', 1, 20, '2023-10-30 13:45:00'),
(1228, 55, 13, 19, 'a', 1, 20, '2023-10-30 13:45:00'),
(1229, 55, 13, 16, 'Model Answer Text', 1, 20, '2023-10-30 13:45:00'),
(1230, 55, 13, 14, 'b', 1, 20, '2023-10-30 13:45:00'),
(1231, 59, 13, 12, 'd', 1, 20, '2023-10-30 11:14:00'),
(1232, 59, 13, 17, 'wrong', 0, 0, '2023-10-30 11:14:00'),
(1233, 59, 13, 19, 'a', 1, 20, '2023-10-30 11:14:00'),
(1234, 59, 13, 16, 'wrong', 0, 0, '2023-10-30 11:14:00'),
(1235, 59, 13, 14, 'wrong', 0, 0, '2023-10-30 11:14:00'),
(1236, 60, 13, 12, 'wrong', 0, 0, '2023-10-30 12:50:00'),
(1237, 60, 13, 17, 'Model Answer Text', 1, 20, '2023-10-30 12:50:00'),
(1238, 60, 13, 19, 'a', 1, 20, '2023-10-30 12:50:00'),
(1239, 60, 13, 16, 'Model Answer Text', 1, 20, '2023-10-30 12:50:00'),
(1240, 60, 13, 14, 'b', 1, 20, '2023-10-30 12:50:00'),
(1241, 77, 13, 12, 'd', 1, 20, '2023-10-30 16:26:00'),
(1242, 77, 13, 17, 'Model Answer Text', 1, 20, '2023-10-30 16:26:00'),
(1243, 77, 13, 19, 'a', 1, 20, '2023-10-30 16:26:00'),
(1244, 77, 13, 16, 'Model Answer Text', 1, 20, '2023-10-30 16:26:00'),
(1245, 77, 13, 14, 'b', 1, 20, '2023-10-30 16:26:00'),
(1246, 81, 13, 12, 'd', 1, 20, '2023-10-30 12:12:00'),
(1247, 81, 13, 17, 'wrong', 0, 0, '2023-10-30 12:12:00'),
(1248, 81, 13, 19, 'a', 1, 20, '2023-10-30 12:12:00'),
(1249, 81, 13, 16, 'Model Answer Text', 1, 20, '2023-10-30 12:12:00'),
(1250, 81, 13, 14, 'b', 1, 20, '2023-10-30 12:12:00'),
(1251, 83, 13, 12, 'd', 1, 20, '2023-10-30 18:54:00'),
(1252, 83, 13, 17, 'Model Answer Text', 1, 20, '2023-10-30 18:54:00'),
(1253, 83, 13, 19, 'a', 1, 20, '2023-10-30 18:54:00'),
(1254, 83, 13, 16, 'Model Answer Text', 1, 20, '2023-10-30 18:54:00'),
(1255, 83, 13, 14, 'b', 1, 20, '2023-10-30 18:54:00'),
(1256, 95, 13, 12, 'd', 1, 20, '2023-10-30 13:22:00'),
(1257, 95, 13, 17, 'Model Answer Text', 1, 20, '2023-10-30 13:22:00'),
(1258, 95, 13, 19, 'a', 1, 20, '2023-10-30 13:22:00'),
(1259, 95, 13, 16, 'Model Answer Text', 1, 20, '2023-10-30 13:22:00'),
(1260, 95, 13, 14, 'b', 1, 20, '2023-10-30 13:22:00'),
(1261, 14, 14, 25, 'Model Answer Text', 1, 20, '2023-10-26 10:47:00'),
(1262, 14, 14, 30, 'a', 1, 20, '2023-10-26 10:47:00'),
(1263, 14, 14, 21, 'd', 1, 20, '2023-10-26 10:47:00'),
(1264, 14, 14, 28, 'b', 1, 20, '2023-10-26 10:47:00'),
(1265, 14, 14, 22, 'd', 1, 20, '2023-10-26 10:47:00'),
(1266, 17, 14, 25, 'Model Answer Text', 1, 20, '2023-10-26 14:04:00'),
(1267, 17, 14, 30, 'a', 1, 20, '2023-10-26 14:04:00'),
(1268, 17, 14, 21, 'd', 1, 20, '2023-10-26 14:04:00'),
(1269, 17, 14, 28, 'b', 1, 20, '2023-10-26 14:04:00'),
(1270, 17, 14, 22, 'd', 1, 20, '2023-10-26 14:04:00'),
(1271, 22, 14, 25, 'Model Answer Text', 1, 20, '2023-10-26 15:49:00'),
(1272, 22, 14, 30, 'a', 1, 20, '2023-10-26 15:49:00'),
(1273, 22, 14, 21, 'wrong', 0, 0, '2023-10-26 15:49:00'),
(1274, 22, 14, 28, 'b', 1, 20, '2023-10-26 15:49:00'),
(1275, 22, 14, 22, 'd', 1, 20, '2023-10-26 15:49:00'),
(1276, 24, 14, 25, 'Model Answer Text', 1, 20, '2023-10-26 13:31:00'),
(1277, 24, 14, 30, 'a', 1, 20, '2023-10-26 13:31:00'),
(1278, 24, 14, 21, 'd', 1, 20, '2023-10-26 13:31:00'),
(1279, 24, 14, 28, 'b', 1, 20, '2023-10-26 13:31:00'),
(1280, 24, 14, 22, 'd', 1, 20, '2023-10-26 13:31:00'),
(1281, 26, 14, 25, 'Model Answer Text', 1, 20, '2023-10-26 13:41:00'),
(1282, 26, 14, 30, 'a', 1, 20, '2023-10-26 13:41:00'),
(1283, 26, 14, 21, 'd', 1, 20, '2023-10-26 13:41:00'),
(1284, 26, 14, 28, 'b', 1, 20, '2023-10-26 13:41:00'),
(1285, 26, 14, 22, 'd', 1, 20, '2023-10-26 13:41:00'),
(1286, 27, 14, 25, 'wrong', 0, 0, '2023-10-26 18:57:00'),
(1287, 27, 14, 30, 'a', 1, 20, '2023-10-26 18:57:00'),
(1288, 27, 14, 21, 'd', 1, 20, '2023-10-26 18:57:00'),
(1289, 27, 14, 28, 'b', 1, 20, '2023-10-26 18:57:00'),
(1290, 27, 14, 22, 'd', 1, 20, '2023-10-26 18:57:00'),
(1291, 29, 14, 25, 'Model Answer Text', 1, 20, '2023-10-26 14:54:00'),
(1292, 29, 14, 30, 'a', 1, 20, '2023-10-26 14:54:00'),
(1293, 29, 14, 21, 'd', 1, 20, '2023-10-26 14:54:00'),
(1294, 29, 14, 28, 'b', 1, 20, '2023-10-26 14:54:00'),
(1295, 29, 14, 22, 'd', 1, 20, '2023-10-26 14:54:00'),
(1296, 32, 14, 25, 'Model Answer Text', 1, 20, '2023-10-26 10:43:00'),
(1297, 32, 14, 30, 'wrong', 0, 0, '2023-10-26 10:43:00'),
(1298, 32, 14, 21, 'd', 1, 20, '2023-10-26 10:43:00'),
(1299, 32, 14, 28, 'b', 1, 20, '2023-10-26 10:43:00'),
(1300, 32, 14, 22, 'd', 1, 20, '2023-10-26 10:43:00');
INSERT INTO Student_Answer ([ANS_ID], [STD_ID], [EX_ID], [Q_ID], [Student_Answer], [Is_Correct], [Obtained_Marks], [ANS_At]) VALUES
(1301, 37, 14, 25, 'Model Answer Text', 1, 20, '2023-10-26 15:39:00'),
(1302, 37, 14, 30, 'wrong', 0, 0, '2023-10-26 15:39:00'),
(1303, 37, 14, 21, 'd', 1, 20, '2023-10-26 15:39:00'),
(1304, 37, 14, 28, 'b', 1, 20, '2023-10-26 15:39:00'),
(1305, 37, 14, 22, 'd', 1, 20, '2023-10-26 15:39:00'),
(1306, 45, 14, 25, 'Model Answer Text', 1, 20, '2023-10-26 11:45:00'),
(1307, 45, 14, 30, 'wrong', 0, 0, '2023-10-26 11:45:00'),
(1308, 45, 14, 21, 'd', 1, 20, '2023-10-26 11:45:00'),
(1309, 45, 14, 28, 'b', 1, 20, '2023-10-26 11:45:00'),
(1310, 45, 14, 22, 'wrong', 0, 0, '2023-10-26 11:45:00'),
(1311, 51, 14, 25, 'wrong', 0, 0, '2023-10-26 10:25:00'),
(1312, 51, 14, 30, 'a', 1, 20, '2023-10-26 10:25:00'),
(1313, 51, 14, 21, 'd', 1, 20, '2023-10-26 10:25:00'),
(1314, 51, 14, 28, 'b', 1, 20, '2023-10-26 10:25:00'),
(1315, 51, 14, 22, 'd', 1, 20, '2023-10-26 10:25:00'),
(1316, 54, 14, 25, 'Model Answer Text', 1, 20, '2023-10-26 11:32:00'),
(1317, 54, 14, 30, 'wrong', 0, 0, '2023-10-26 11:32:00'),
(1318, 54, 14, 21, 'd', 1, 20, '2023-10-26 11:32:00'),
(1319, 54, 14, 28, 'b', 1, 20, '2023-10-26 11:32:00'),
(1320, 54, 14, 22, 'd', 1, 20, '2023-10-26 11:32:00'),
(1321, 55, 14, 25, 'Model Answer Text', 1, 20, '2023-10-26 16:44:00'),
(1322, 55, 14, 30, 'a', 1, 20, '2023-10-26 16:44:00'),
(1323, 55, 14, 21, 'd', 1, 20, '2023-10-26 16:44:00'),
(1324, 55, 14, 28, 'b', 1, 20, '2023-10-26 16:44:00'),
(1325, 55, 14, 22, 'd', 1, 20, '2023-10-26 16:44:00'),
(1326, 59, 14, 25, 'Model Answer Text', 1, 20, '2023-10-26 15:41:00'),
(1327, 59, 14, 30, 'a', 1, 20, '2023-10-26 15:41:00'),
(1328, 59, 14, 21, 'd', 1, 20, '2023-10-26 15:41:00'),
(1329, 59, 14, 28, 'b', 1, 20, '2023-10-26 15:41:00'),
(1330, 59, 14, 22, 'd', 1, 20, '2023-10-26 15:41:00'),
(1331, 60, 14, 25, 'Model Answer Text', 1, 20, '2023-10-26 15:55:00'),
(1332, 60, 14, 30, 'wrong', 0, 0, '2023-10-26 15:55:00'),
(1333, 60, 14, 21, 'd', 1, 20, '2023-10-26 15:55:00'),
(1334, 60, 14, 28, 'b', 1, 20, '2023-10-26 15:55:00'),
(1335, 60, 14, 22, 'd', 1, 20, '2023-10-26 15:55:00'),
(1336, 77, 14, 25, 'Model Answer Text', 1, 20, '2023-10-26 10:13:00'),
(1337, 77, 14, 30, 'wrong', 0, 0, '2023-10-26 10:13:00'),
(1338, 77, 14, 21, 'd', 1, 20, '2023-10-26 10:13:00'),
(1339, 77, 14, 28, 'b', 1, 20, '2023-10-26 10:13:00'),
(1340, 77, 14, 22, 'd', 1, 20, '2023-10-26 10:13:00'),
(1341, 81, 14, 25, 'Model Answer Text', 1, 20, '2023-10-26 16:20:00'),
(1342, 81, 14, 30, 'a', 1, 20, '2023-10-26 16:20:00'),
(1343, 81, 14, 21, 'd', 1, 20, '2023-10-26 16:20:00'),
(1344, 81, 14, 28, 'wrong', 0, 0, '2023-10-26 16:20:00'),
(1345, 81, 14, 22, 'd', 1, 20, '2023-10-26 16:20:00'),
(1346, 83, 14, 25, 'wrong', 0, 0, '2023-10-26 15:48:00'),
(1347, 83, 14, 30, 'a', 1, 20, '2023-10-26 15:48:00'),
(1348, 83, 14, 21, 'd', 1, 20, '2023-10-26 15:48:00'),
(1349, 83, 14, 28, 'b', 1, 20, '2023-10-26 15:48:00'),
(1350, 83, 14, 22, 'wrong', 0, 0, '2023-10-26 15:48:00'),
(1351, 95, 14, 25, 'wrong', 0, 0, '2023-10-26 18:32:00'),
(1352, 95, 14, 30, 'a', 1, 20, '2023-10-26 18:32:00'),
(1353, 95, 14, 21, 'd', 1, 20, '2023-10-26 18:32:00'),
(1354, 95, 14, 28, 'b', 1, 20, '2023-10-26 18:32:00'),
(1355, 95, 14, 22, 'd', 1, 20, '2023-10-26 18:32:00'),
(1356, 14, 15, 36, 'wrong', 0, 0, '2023-03-30 18:38:00'),
(1357, 14, 15, 37, 'b', 1, 20, '2023-03-30 18:38:00'),
(1358, 14, 15, 38, 'Model Answer Text', 1, 20, '2023-03-30 18:38:00'),
(1359, 14, 15, 34, 'b', 1, 20, '2023-03-30 18:38:00'),
(1360, 14, 15, 33, 'd', 1, 20, '2023-03-30 18:38:00'),
(1361, 17, 15, 36, 'b', 1, 20, '2023-03-30 13:55:00'),
(1362, 17, 15, 37, 'wrong', 0, 0, '2023-03-30 13:55:00'),
(1363, 17, 15, 38, 'Model Answer Text', 1, 20, '2023-03-30 13:55:00'),
(1364, 17, 15, 34, 'wrong', 0, 0, '2023-03-30 13:55:00'),
(1365, 17, 15, 33, 'd', 1, 20, '2023-03-30 13:55:00'),
(1366, 22, 15, 36, 'b', 1, 20, '2023-03-30 14:05:00'),
(1367, 22, 15, 37, 'b', 1, 20, '2023-03-30 14:05:00'),
(1368, 22, 15, 38, 'Model Answer Text', 1, 20, '2023-03-30 14:05:00'),
(1369, 22, 15, 34, 'b', 1, 20, '2023-03-30 14:05:00'),
(1370, 22, 15, 33, 'd', 1, 20, '2023-03-30 14:05:00'),
(1371, 24, 15, 36, 'b', 1, 20, '2023-03-30 14:15:00'),
(1372, 24, 15, 37, 'b', 1, 20, '2023-03-30 14:15:00'),
(1373, 24, 15, 38, 'Model Answer Text', 1, 20, '2023-03-30 14:15:00'),
(1374, 24, 15, 34, 'b', 1, 20, '2023-03-30 14:15:00'),
(1375, 24, 15, 33, 'wrong', 0, 0, '2023-03-30 14:15:00'),
(1376, 26, 15, 36, 'wrong', 0, 0, '2023-03-30 15:22:00'),
(1377, 26, 15, 37, 'b', 1, 20, '2023-03-30 15:22:00'),
(1378, 26, 15, 38, 'Model Answer Text', 1, 20, '2023-03-30 15:22:00'),
(1379, 26, 15, 34, 'b', 1, 20, '2023-03-30 15:22:00'),
(1380, 26, 15, 33, 'd', 1, 20, '2023-03-30 15:22:00'),
(1381, 27, 15, 36, 'b', 1, 20, '2023-03-30 10:15:00'),
(1382, 27, 15, 37, 'b', 1, 20, '2023-03-30 10:15:00'),
(1383, 27, 15, 38, 'wrong', 0, 0, '2023-03-30 10:15:00'),
(1384, 27, 15, 34, 'b', 1, 20, '2023-03-30 10:15:00'),
(1385, 27, 15, 33, 'wrong', 0, 0, '2023-03-30 10:15:00'),
(1386, 29, 15, 36, 'b', 1, 20, '2023-03-30 18:39:00'),
(1387, 29, 15, 37, 'wrong', 0, 0, '2023-03-30 18:39:00'),
(1388, 29, 15, 38, 'Model Answer Text', 1, 20, '2023-03-30 18:39:00'),
(1389, 29, 15, 34, 'b', 1, 20, '2023-03-30 18:39:00'),
(1390, 29, 15, 33, 'd', 1, 20, '2023-03-30 18:39:00'),
(1391, 32, 15, 36, 'b', 1, 20, '2023-03-30 16:49:00'),
(1392, 32, 15, 37, 'b', 1, 20, '2023-03-30 16:49:00'),
(1393, 32, 15, 38, 'Model Answer Text', 1, 20, '2023-03-30 16:49:00'),
(1394, 32, 15, 34, 'b', 1, 20, '2023-03-30 16:49:00'),
(1395, 32, 15, 33, 'd', 1, 20, '2023-03-30 16:49:00'),
(1396, 37, 15, 36, 'b', 1, 20, '2023-03-30 17:02:00'),
(1397, 37, 15, 37, 'b', 1, 20, '2023-03-30 17:02:00'),
(1398, 37, 15, 38, 'Model Answer Text', 1, 20, '2023-03-30 17:02:00'),
(1399, 37, 15, 34, 'b', 1, 20, '2023-03-30 17:02:00'),
(1400, 37, 15, 33, 'd', 1, 20, '2023-03-30 17:02:00');
INSERT INTO Student_Answer ([ANS_ID], [STD_ID], [EX_ID], [Q_ID], [Student_Answer], [Is_Correct], [Obtained_Marks], [ANS_At]) VALUES
(1401, 45, 15, 36, 'b', 1, 20, '2023-03-30 17:56:00'),
(1402, 45, 15, 37, 'b', 1, 20, '2023-03-30 17:56:00'),
(1403, 45, 15, 38, 'Model Answer Text', 1, 20, '2023-03-30 17:56:00'),
(1404, 45, 15, 34, 'b', 1, 20, '2023-03-30 17:56:00'),
(1405, 45, 15, 33, 'd', 1, 20, '2023-03-30 17:56:00'),
(1406, 51, 15, 36, 'b', 1, 20, '2023-03-30 15:58:00'),
(1407, 51, 15, 37, 'b', 1, 20, '2023-03-30 15:58:00'),
(1408, 51, 15, 38, 'Model Answer Text', 1, 20, '2023-03-30 15:58:00'),
(1409, 51, 15, 34, 'b', 1, 20, '2023-03-30 15:58:00'),
(1410, 51, 15, 33, 'wrong', 0, 0, '2023-03-30 15:58:00'),
(1411, 54, 15, 36, 'b', 1, 20, '2023-03-30 18:11:00'),
(1412, 54, 15, 37, 'b', 1, 20, '2023-03-30 18:11:00'),
(1413, 54, 15, 38, 'Model Answer Text', 1, 20, '2023-03-30 18:11:00'),
(1414, 54, 15, 34, 'b', 1, 20, '2023-03-30 18:11:00'),
(1415, 54, 15, 33, 'd', 1, 20, '2023-03-30 18:11:00'),
(1416, 55, 15, 36, 'b', 1, 20, '2023-03-30 15:34:00'),
(1417, 55, 15, 37, 'b', 1, 20, '2023-03-30 15:34:00'),
(1418, 55, 15, 38, 'wrong', 0, 0, '2023-03-30 15:34:00'),
(1419, 55, 15, 34, 'b', 1, 20, '2023-03-30 15:34:00'),
(1420, 55, 15, 33, 'd', 1, 20, '2023-03-30 15:34:00'),
(1421, 59, 15, 36, 'b', 1, 20, '2023-03-30 11:10:00'),
(1422, 59, 15, 37, 'b', 1, 20, '2023-03-30 11:10:00'),
(1423, 59, 15, 38, 'Model Answer Text', 1, 20, '2023-03-30 11:10:00'),
(1424, 59, 15, 34, 'wrong', 0, 0, '2023-03-30 11:10:00'),
(1425, 59, 15, 33, 'wrong', 0, 0, '2023-03-30 11:10:00'),
(1426, 60, 15, 36, 'b', 1, 20, '2023-03-30 17:27:00'),
(1427, 60, 15, 37, 'b', 1, 20, '2023-03-30 17:27:00'),
(1428, 60, 15, 38, 'wrong', 0, 0, '2023-03-30 17:27:00'),
(1429, 60, 15, 34, 'b', 1, 20, '2023-03-30 17:27:00'),
(1430, 60, 15, 33, 'd', 1, 20, '2023-03-30 17:27:00'),
(1431, 77, 15, 36, 'b', 1, 20, '2023-03-30 17:40:00'),
(1432, 77, 15, 37, 'wrong', 0, 0, '2023-03-30 17:40:00'),
(1433, 77, 15, 38, 'Model Answer Text', 1, 20, '2023-03-30 17:40:00'),
(1434, 77, 15, 34, 'b', 1, 20, '2023-03-30 17:40:00'),
(1435, 77, 15, 33, 'd', 1, 20, '2023-03-30 17:40:00'),
(1436, 81, 15, 36, 'wrong', 0, 0, '2023-03-30 15:56:00'),
(1437, 81, 15, 37, 'wrong', 0, 0, '2023-03-30 15:56:00'),
(1438, 81, 15, 38, 'Model Answer Text', 1, 20, '2023-03-30 15:56:00'),
(1439, 81, 15, 34, 'b', 1, 20, '2023-03-30 15:56:00'),
(1440, 81, 15, 33, 'wrong', 0, 0, '2023-03-30 15:56:00'),
(1441, 83, 15, 36, 'b', 1, 20, '2023-03-30 10:20:00'),
(1442, 83, 15, 37, 'b', 1, 20, '2023-03-30 10:20:00'),
(1443, 83, 15, 38, 'Model Answer Text', 1, 20, '2023-03-30 10:20:00'),
(1444, 83, 15, 34, 'b', 1, 20, '2023-03-30 10:20:00'),
(1445, 83, 15, 33, 'd', 1, 20, '2023-03-30 10:20:00'),
(1446, 95, 15, 36, 'b', 1, 20, '2023-03-30 13:27:00'),
(1447, 95, 15, 37, 'b', 1, 20, '2023-03-30 13:27:00'),
(1448, 95, 15, 38, 'Model Answer Text', 1, 20, '2023-03-30 13:27:00'),
(1449, 95, 15, 34, 'b', 1, 20, '2023-03-30 13:27:00'),
(1450, 95, 15, 33, 'd', 1, 20, '2023-03-30 13:27:00'),
(1451, 14, 16, 49, 'Model Answer Text', 1, 20, '2023-10-26 12:26:00'),
(1452, 14, 16, 47, 'a', 1, 20, '2023-10-26 12:26:00'),
(1453, 14, 16, 44, 'b', 1, 20, '2023-10-26 12:26:00'),
(1454, 14, 16, 42, 'Model Answer Text', 1, 20, '2023-10-26 12:26:00'),
(1455, 14, 16, 41, 'b', 1, 20, '2023-10-26 12:26:00'),
(1456, 17, 16, 49, 'Model Answer Text', 1, 20, '2023-10-26 14:08:00'),
(1457, 17, 16, 47, 'a', 1, 20, '2023-10-26 14:08:00'),
(1458, 17, 16, 44, 'b', 1, 20, '2023-10-26 14:08:00'),
(1459, 17, 16, 42, 'Model Answer Text', 1, 20, '2023-10-26 14:08:00'),
(1460, 17, 16, 41, 'b', 1, 20, '2023-10-26 14:08:00'),
(1461, 22, 16, 49, 'wrong', 0, 0, '2023-10-26 17:50:00'),
(1462, 22, 16, 47, 'a', 1, 20, '2023-10-26 17:50:00'),
(1463, 22, 16, 44, 'b', 1, 20, '2023-10-26 17:50:00'),
(1464, 22, 16, 42, 'Model Answer Text', 1, 20, '2023-10-26 17:50:00'),
(1465, 22, 16, 41, 'b', 1, 20, '2023-10-26 17:50:00'),
(1466, 24, 16, 49, 'Model Answer Text', 1, 20, '2023-10-26 16:50:00'),
(1467, 24, 16, 47, 'wrong', 0, 0, '2023-10-26 16:50:00'),
(1468, 24, 16, 44, 'b', 1, 20, '2023-10-26 16:50:00'),
(1469, 24, 16, 42, 'Model Answer Text', 1, 20, '2023-10-26 16:50:00'),
(1470, 24, 16, 41, 'b', 1, 20, '2023-10-26 16:50:00'),
(1471, 26, 16, 49, 'Model Answer Text', 1, 20, '2023-10-26 14:41:00'),
(1472, 26, 16, 47, 'wrong', 0, 0, '2023-10-26 14:41:00'),
(1473, 26, 16, 44, 'b', 1, 20, '2023-10-26 14:41:00'),
(1474, 26, 16, 42, 'Model Answer Text', 1, 20, '2023-10-26 14:41:00'),
(1475, 26, 16, 41, 'b', 1, 20, '2023-10-26 14:41:00'),
(1476, 27, 16, 49, 'Model Answer Text', 1, 20, '2023-10-26 16:04:00'),
(1477, 27, 16, 47, 'wrong', 0, 0, '2023-10-26 16:04:00'),
(1478, 27, 16, 44, 'b', 1, 20, '2023-10-26 16:04:00'),
(1479, 27, 16, 42, 'Model Answer Text', 1, 20, '2023-10-26 16:04:00'),
(1480, 27, 16, 41, 'wrong', 0, 0, '2023-10-26 16:04:00'),
(1481, 29, 16, 49, 'Model Answer Text', 1, 20, '2023-10-26 17:51:00'),
(1482, 29, 16, 47, 'a', 1, 20, '2023-10-26 17:51:00'),
(1483, 29, 16, 44, 'b', 1, 20, '2023-10-26 17:51:00'),
(1484, 29, 16, 42, 'wrong', 0, 0, '2023-10-26 17:51:00'),
(1485, 29, 16, 41, 'b', 1, 20, '2023-10-26 17:51:00'),
(1486, 32, 16, 49, 'Model Answer Text', 1, 20, '2023-10-26 17:17:00'),
(1487, 32, 16, 47, 'a', 1, 20, '2023-10-26 17:17:00'),
(1488, 32, 16, 44, 'b', 1, 20, '2023-10-26 17:17:00'),
(1489, 32, 16, 42, 'Model Answer Text', 1, 20, '2023-10-26 17:17:00'),
(1490, 32, 16, 41, 'b', 1, 20, '2023-10-26 17:17:00'),
(1491, 37, 16, 49, 'wrong', 0, 0, '2023-10-26 14:41:00'),
(1492, 37, 16, 47, 'a', 1, 20, '2023-10-26 14:41:00'),
(1493, 37, 16, 44, 'b', 1, 20, '2023-10-26 14:41:00'),
(1494, 37, 16, 42, 'Model Answer Text', 1, 20, '2023-10-26 14:41:00'),
(1495, 37, 16, 41, 'b', 1, 20, '2023-10-26 14:41:00'),
(1496, 45, 16, 49, 'Model Answer Text', 1, 20, '2023-10-26 15:01:00'),
(1497, 45, 16, 47, 'a', 1, 20, '2023-10-26 15:01:00'),
(1498, 45, 16, 44, 'b', 1, 20, '2023-10-26 15:01:00'),
(1499, 45, 16, 42, 'Model Answer Text', 1, 20, '2023-10-26 15:01:00'),
(1500, 45, 16, 41, 'b', 1, 20, '2023-10-26 15:01:00');
INSERT INTO Student_Answer ([ANS_ID], [STD_ID], [EX_ID], [Q_ID], [Student_Answer], [Is_Correct], [Obtained_Marks], [ANS_At]) VALUES
(1501, 51, 16, 49, 'Model Answer Text', 1, 20, '2023-10-26 15:58:00'),
(1502, 51, 16, 47, 'a', 1, 20, '2023-10-26 15:58:00'),
(1503, 51, 16, 44, 'b', 1, 20, '2023-10-26 15:58:00'),
(1504, 51, 16, 42, 'Model Answer Text', 1, 20, '2023-10-26 15:58:00'),
(1505, 51, 16, 41, 'b', 1, 20, '2023-10-26 15:58:00'),
(1506, 54, 16, 49, 'Model Answer Text', 1, 20, '2023-10-26 12:02:00'),
(1507, 54, 16, 47, 'wrong', 0, 0, '2023-10-26 12:02:00'),
(1508, 54, 16, 44, 'b', 1, 20, '2023-10-26 12:02:00'),
(1509, 54, 16, 42, 'Model Answer Text', 1, 20, '2023-10-26 12:02:00'),
(1510, 54, 16, 41, 'b', 1, 20, '2023-10-26 12:02:00'),
(1511, 55, 16, 49, 'wrong', 0, 0, '2023-10-26 11:19:00'),
(1512, 55, 16, 47, 'a', 1, 20, '2023-10-26 11:19:00'),
(1513, 55, 16, 44, 'b', 1, 20, '2023-10-26 11:19:00'),
(1514, 55, 16, 42, 'Model Answer Text', 1, 20, '2023-10-26 11:19:00'),
(1515, 55, 16, 41, 'b', 1, 20, '2023-10-26 11:19:00'),
(1516, 59, 16, 49, 'Model Answer Text', 1, 20, '2023-10-26 13:23:00'),
(1517, 59, 16, 47, 'a', 1, 20, '2023-10-26 13:23:00'),
(1518, 59, 16, 44, 'b', 1, 20, '2023-10-26 13:23:00'),
(1519, 59, 16, 42, 'Model Answer Text', 1, 20, '2023-10-26 13:23:00'),
(1520, 59, 16, 41, 'wrong', 0, 0, '2023-10-26 13:23:00'),
(1521, 60, 16, 49, 'Model Answer Text', 1, 20, '2023-10-26 16:00:00'),
(1522, 60, 16, 47, 'wrong', 0, 0, '2023-10-26 16:00:00'),
(1523, 60, 16, 44, 'b', 1, 20, '2023-10-26 16:00:00'),
(1524, 60, 16, 42, 'Model Answer Text', 1, 20, '2023-10-26 16:00:00'),
(1525, 60, 16, 41, 'wrong', 0, 0, '2023-10-26 16:00:00'),
(1526, 77, 16, 49, 'Model Answer Text', 1, 20, '2023-10-26 18:05:00'),
(1527, 77, 16, 47, 'a', 1, 20, '2023-10-26 18:05:00'),
(1528, 77, 16, 44, 'b', 1, 20, '2023-10-26 18:05:00'),
(1529, 77, 16, 42, 'Model Answer Text', 1, 20, '2023-10-26 18:05:00'),
(1530, 77, 16, 41, 'b', 1, 20, '2023-10-26 18:05:00'),
(1531, 81, 16, 49, 'Model Answer Text', 1, 20, '2023-10-26 18:17:00'),
(1532, 81, 16, 47, 'a', 1, 20, '2023-10-26 18:17:00'),
(1533, 81, 16, 44, 'b', 1, 20, '2023-10-26 18:17:00'),
(1534, 81, 16, 42, 'Model Answer Text', 1, 20, '2023-10-26 18:17:00'),
(1535, 81, 16, 41, 'b', 1, 20, '2023-10-26 18:17:00'),
(1536, 83, 16, 49, 'Model Answer Text', 1, 20, '2023-10-26 15:57:00'),
(1537, 83, 16, 47, 'a', 1, 20, '2023-10-26 15:57:00'),
(1538, 83, 16, 44, 'wrong', 0, 0, '2023-10-26 15:57:00'),
(1539, 83, 16, 42, 'Model Answer Text', 1, 20, '2023-10-26 15:57:00'),
(1540, 83, 16, 41, 'wrong', 0, 0, '2023-10-26 15:57:00'),
(1541, 95, 16, 49, 'Model Answer Text', 1, 20, '2023-10-26 14:47:00'),
(1542, 95, 16, 47, 'a', 1, 20, '2023-10-26 14:47:00'),
(1543, 95, 16, 44, 'b', 1, 20, '2023-10-26 14:47:00'),
(1544, 95, 16, 42, 'wrong', 0, 0, '2023-10-26 14:47:00'),
(1545, 95, 16, 41, 'b', 1, 20, '2023-10-26 14:47:00'),
(1546, 2, 17, 18, 'a', 1, 20, '2023-03-27 13:15:00'),
(1547, 2, 17, 12, 'd', 1, 20, '2023-03-27 13:15:00'),
(1548, 2, 17, 14, 'b', 1, 20, '2023-03-27 13:15:00'),
(1549, 2, 17, 20, 'd', 1, 20, '2023-03-27 13:15:00'),
(1550, 2, 17, 17, 'Model Answer Text', 1, 20, '2023-03-27 13:15:00'),
(1551, 3, 17, 18, 'a', 1, 20, '2023-03-27 10:55:00'),
(1552, 3, 17, 12, 'd', 1, 20, '2023-03-27 10:55:00'),
(1553, 3, 17, 14, 'b', 1, 20, '2023-03-27 10:55:00'),
(1554, 3, 17, 20, 'd', 1, 20, '2023-03-27 10:55:00'),
(1555, 3, 17, 17, 'Model Answer Text', 1, 20, '2023-03-27 10:55:00'),
(1556, 4, 17, 18, 'a', 1, 20, '2023-03-27 18:53:00'),
(1557, 4, 17, 12, 'd', 1, 20, '2023-03-27 18:53:00'),
(1558, 4, 17, 14, 'wrong', 0, 0, '2023-03-27 18:53:00'),
(1559, 4, 17, 20, 'd', 1, 20, '2023-03-27 18:53:00'),
(1560, 4, 17, 17, 'Model Answer Text', 1, 20, '2023-03-27 18:53:00'),
(1561, 5, 17, 18, 'a', 1, 20, '2023-03-27 13:51:00'),
(1562, 5, 17, 12, 'wrong', 0, 0, '2023-03-27 13:51:00'),
(1563, 5, 17, 14, 'wrong', 0, 0, '2023-03-27 13:51:00'),
(1564, 5, 17, 20, 'd', 1, 20, '2023-03-27 13:51:00'),
(1565, 5, 17, 17, 'Model Answer Text', 1, 20, '2023-03-27 13:51:00'),
(1566, 7, 17, 18, 'a', 1, 20, '2023-03-27 17:56:00'),
(1567, 7, 17, 12, 'd', 1, 20, '2023-03-27 17:56:00'),
(1568, 7, 17, 14, 'b', 1, 20, '2023-03-27 17:56:00'),
(1569, 7, 17, 20, 'd', 1, 20, '2023-03-27 17:56:00'),
(1570, 7, 17, 17, 'Model Answer Text', 1, 20, '2023-03-27 17:56:00'),
(1571, 8, 17, 18, 'a', 1, 20, '2023-03-27 14:42:00'),
(1572, 8, 17, 12, 'd', 1, 20, '2023-03-27 14:42:00'),
(1573, 8, 17, 14, 'b', 1, 20, '2023-03-27 14:42:00'),
(1574, 8, 17, 20, 'wrong', 0, 0, '2023-03-27 14:42:00'),
(1575, 8, 17, 17, 'wrong', 0, 0, '2023-03-27 14:42:00'),
(1576, 11, 17, 18, 'wrong', 0, 0, '2023-03-27 12:46:00'),
(1577, 11, 17, 12, 'd', 1, 20, '2023-03-27 12:46:00'),
(1578, 11, 17, 14, 'b', 1, 20, '2023-03-27 12:46:00'),
(1579, 11, 17, 20, 'd', 1, 20, '2023-03-27 12:46:00'),
(1580, 11, 17, 17, 'Model Answer Text', 1, 20, '2023-03-27 12:46:00'),
(1581, 16, 17, 18, 'a', 1, 20, '2023-03-27 10:19:00'),
(1582, 16, 17, 12, 'wrong', 0, 0, '2023-03-27 10:19:00'),
(1583, 16, 17, 14, 'b', 1, 20, '2023-03-27 10:19:00'),
(1584, 16, 17, 20, 'd', 1, 20, '2023-03-27 10:19:00'),
(1585, 16, 17, 17, 'wrong', 0, 0, '2023-03-27 10:19:00'),
(1586, 25, 17, 18, 'a', 1, 20, '2023-03-27 14:30:00'),
(1587, 25, 17, 12, 'wrong', 0, 0, '2023-03-27 14:30:00'),
(1588, 25, 17, 14, 'b', 1, 20, '2023-03-27 14:30:00'),
(1589, 25, 17, 20, 'wrong', 0, 0, '2023-03-27 14:30:00'),
(1590, 25, 17, 17, 'Model Answer Text', 1, 20, '2023-03-27 14:30:00'),
(1591, 30, 17, 18, 'a', 1, 20, '2023-03-27 17:46:00'),
(1592, 30, 17, 12, 'd', 1, 20, '2023-03-27 17:46:00'),
(1593, 30, 17, 14, 'b', 1, 20, '2023-03-27 17:46:00'),
(1594, 30, 17, 20, 'd', 1, 20, '2023-03-27 17:46:00'),
(1595, 30, 17, 17, 'Model Answer Text', 1, 20, '2023-03-27 17:46:00'),
(1596, 35, 17, 18, 'wrong', 0, 0, '2023-03-27 12:37:00'),
(1597, 35, 17, 12, 'd', 1, 20, '2023-03-27 12:37:00'),
(1598, 35, 17, 14, 'b', 1, 20, '2023-03-27 12:37:00'),
(1599, 35, 17, 20, 'd', 1, 20, '2023-03-27 12:37:00'),
(1600, 35, 17, 17, 'wrong', 0, 0, '2023-03-27 12:37:00');
INSERT INTO Student_Answer ([ANS_ID], [STD_ID], [EX_ID], [Q_ID], [Student_Answer], [Is_Correct], [Obtained_Marks], [ANS_At]) VALUES
(1601, 40, 17, 18, 'a', 1, 20, '2023-03-27 13:40:00'),
(1602, 40, 17, 12, 'd', 1, 20, '2023-03-27 13:40:00'),
(1603, 40, 17, 14, 'b', 1, 20, '2023-03-27 13:40:00'),
(1604, 40, 17, 20, 'd', 1, 20, '2023-03-27 13:40:00'),
(1605, 40, 17, 17, 'Model Answer Text', 1, 20, '2023-03-27 13:40:00'),
(1606, 44, 17, 18, 'wrong', 0, 0, '2023-03-27 12:01:00'),
(1607, 44, 17, 12, 'd', 1, 20, '2023-03-27 12:01:00'),
(1608, 44, 17, 14, 'b', 1, 20, '2023-03-27 12:01:00'),
(1609, 44, 17, 20, 'd', 1, 20, '2023-03-27 12:01:00'),
(1610, 44, 17, 17, 'Model Answer Text', 1, 20, '2023-03-27 12:01:00'),
(1611, 47, 17, 18, 'a', 1, 20, '2023-03-27 10:58:00'),
(1612, 47, 17, 12, 'd', 1, 20, '2023-03-27 10:58:00'),
(1613, 47, 17, 14, 'b', 1, 20, '2023-03-27 10:58:00'),
(1614, 47, 17, 20, 'd', 1, 20, '2023-03-27 10:58:00'),
(1615, 47, 17, 17, 'Model Answer Text', 1, 20, '2023-03-27 10:58:00'),
(1616, 52, 17, 18, 'a', 1, 20, '2023-03-27 14:39:00'),
(1617, 52, 17, 12, 'd', 1, 20, '2023-03-27 14:39:00'),
(1618, 52, 17, 14, 'b', 1, 20, '2023-03-27 14:39:00'),
(1619, 52, 17, 20, 'd', 1, 20, '2023-03-27 14:39:00'),
(1620, 52, 17, 17, 'Model Answer Text', 1, 20, '2023-03-27 14:39:00'),
(1621, 64, 17, 18, 'a', 1, 20, '2023-03-27 12:59:00'),
(1622, 64, 17, 12, 'd', 1, 20, '2023-03-27 12:59:00'),
(1623, 64, 17, 14, 'b', 1, 20, '2023-03-27 12:59:00'),
(1624, 64, 17, 20, 'wrong', 0, 0, '2023-03-27 12:59:00'),
(1625, 64, 17, 17, 'Model Answer Text', 1, 20, '2023-03-27 12:59:00'),
(1626, 65, 17, 18, 'wrong', 0, 0, '2023-03-27 17:56:00'),
(1627, 65, 17, 12, 'd', 1, 20, '2023-03-27 17:56:00'),
(1628, 65, 17, 14, 'b', 1, 20, '2023-03-27 17:56:00'),
(1629, 65, 17, 20, 'wrong', 0, 0, '2023-03-27 17:56:00'),
(1630, 65, 17, 17, 'Model Answer Text', 1, 20, '2023-03-27 17:56:00'),
(1631, 66, 17, 18, 'a', 1, 20, '2023-03-27 10:16:00'),
(1632, 66, 17, 12, 'd', 1, 20, '2023-03-27 10:16:00'),
(1633, 66, 17, 14, 'b', 1, 20, '2023-03-27 10:16:00'),
(1634, 66, 17, 20, 'd', 1, 20, '2023-03-27 10:16:00'),
(1635, 66, 17, 17, 'Model Answer Text', 1, 20, '2023-03-27 10:16:00'),
(1636, 67, 17, 18, 'a', 1, 20, '2023-03-27 16:15:00'),
(1637, 67, 17, 12, 'd', 1, 20, '2023-03-27 16:15:00'),
(1638, 67, 17, 14, 'b', 1, 20, '2023-03-27 16:15:00'),
(1639, 67, 17, 20, 'd', 1, 20, '2023-03-27 16:15:00'),
(1640, 67, 17, 17, 'Model Answer Text', 1, 20, '2023-03-27 16:15:00'),
(1641, 72, 17, 18, 'a', 1, 20, '2023-03-27 13:12:00'),
(1642, 72, 17, 12, 'd', 1, 20, '2023-03-27 13:12:00'),
(1643, 72, 17, 14, 'b', 1, 20, '2023-03-27 13:12:00'),
(1644, 72, 17, 20, 'd', 1, 20, '2023-03-27 13:12:00'),
(1645, 72, 17, 17, 'wrong', 0, 0, '2023-03-27 13:12:00'),
(1646, 76, 17, 18, 'wrong', 0, 0, '2023-03-27 14:12:00'),
(1647, 76, 17, 12, 'd', 1, 20, '2023-03-27 14:12:00'),
(1648, 76, 17, 14, 'wrong', 0, 0, '2023-03-27 14:12:00'),
(1649, 76, 17, 20, 'd', 1, 20, '2023-03-27 14:12:00'),
(1650, 76, 17, 17, 'Model Answer Text', 1, 20, '2023-03-27 14:12:00'),
(1651, 87, 17, 18, 'wrong', 0, 0, '2023-03-27 10:05:00'),
(1652, 87, 17, 12, 'd', 1, 20, '2023-03-27 10:05:00'),
(1653, 87, 17, 14, 'b', 1, 20, '2023-03-27 10:05:00'),
(1654, 87, 17, 20, 'd', 1, 20, '2023-03-27 10:05:00'),
(1655, 87, 17, 17, 'wrong', 0, 0, '2023-03-27 10:05:00'),
(1656, 91, 17, 18, 'a', 1, 20, '2023-03-27 18:37:00'),
(1657, 91, 17, 12, 'wrong', 0, 0, '2023-03-27 18:37:00'),
(1658, 91, 17, 14, 'b', 1, 20, '2023-03-27 18:37:00'),
(1659, 91, 17, 20, 'd', 1, 20, '2023-03-27 18:37:00'),
(1660, 91, 17, 17, 'wrong', 0, 0, '2023-03-27 18:37:00'),
(1661, 94, 17, 18, 'a', 1, 20, '2023-03-27 18:24:00'),
(1662, 94, 17, 12, 'd', 1, 20, '2023-03-27 18:24:00'),
(1663, 94, 17, 14, 'b', 1, 20, '2023-03-27 18:24:00'),
(1664, 94, 17, 20, 'd', 1, 20, '2023-03-27 18:24:00'),
(1665, 94, 17, 17, 'Model Answer Text', 1, 20, '2023-03-27 18:24:00'),
(1666, 97, 17, 18, 'a', 1, 20, '2023-03-27 16:11:00'),
(1667, 97, 17, 12, 'd', 1, 20, '2023-03-27 16:11:00'),
(1668, 97, 17, 14, 'b', 1, 20, '2023-03-27 16:11:00'),
(1669, 97, 17, 20, 'd', 1, 20, '2023-03-27 16:11:00'),
(1670, 97, 17, 17, 'Model Answer Text', 1, 20, '2023-03-27 16:11:00'),
(1671, 2, 18, 21, 'wrong', 0, 0, '2023-03-05 13:53:00'),
(1672, 2, 18, 26, 'b', 1, 20, '2023-03-05 13:53:00'),
(1673, 2, 18, 25, 'Model Answer Text', 1, 20, '2023-03-05 13:53:00'),
(1674, 2, 18, 30, 'wrong', 0, 0, '2023-03-05 13:53:00'),
(1675, 2, 18, 24, 'b', 1, 20, '2023-03-05 13:53:00'),
(1676, 3, 18, 21, 'wrong', 0, 0, '2023-03-05 11:02:00'),
(1677, 3, 18, 26, 'b', 1, 20, '2023-03-05 11:02:00'),
(1678, 3, 18, 25, 'Model Answer Text', 1, 20, '2023-03-05 11:02:00'),
(1679, 3, 18, 30, 'a', 1, 20, '2023-03-05 11:02:00'),
(1680, 3, 18, 24, 'wrong', 0, 0, '2023-03-05 11:02:00'),
(1681, 4, 18, 21, 'd', 1, 20, '2023-03-05 14:11:00'),
(1682, 4, 18, 26, 'b', 1, 20, '2023-03-05 14:11:00'),
(1683, 4, 18, 25, 'Model Answer Text', 1, 20, '2023-03-05 14:11:00'),
(1684, 4, 18, 30, 'a', 1, 20, '2023-03-05 14:11:00'),
(1685, 4, 18, 24, 'b', 1, 20, '2023-03-05 14:11:00'),
(1686, 5, 18, 21, 'd', 1, 20, '2023-03-05 16:18:00'),
(1687, 5, 18, 26, 'b', 1, 20, '2023-03-05 16:18:00'),
(1688, 5, 18, 25, 'Model Answer Text', 1, 20, '2023-03-05 16:18:00'),
(1689, 5, 18, 30, 'a', 1, 20, '2023-03-05 16:18:00'),
(1690, 5, 18, 24, 'b', 1, 20, '2023-03-05 16:18:00'),
(1691, 7, 18, 21, 'd', 1, 20, '2023-03-05 16:31:00'),
(1692, 7, 18, 26, 'b', 1, 20, '2023-03-05 16:31:00'),
(1693, 7, 18, 25, 'wrong', 0, 0, '2023-03-05 16:31:00'),
(1694, 7, 18, 30, 'a', 1, 20, '2023-03-05 16:31:00'),
(1695, 7, 18, 24, 'b', 1, 20, '2023-03-05 16:31:00'),
(1696, 8, 18, 21, 'wrong', 0, 0, '2023-03-05 17:43:00'),
(1697, 8, 18, 26, 'wrong', 0, 0, '2023-03-05 17:43:00'),
(1698, 8, 18, 25, 'Model Answer Text', 1, 20, '2023-03-05 17:43:00'),
(1699, 8, 18, 30, 'a', 1, 20, '2023-03-05 17:43:00'),
(1700, 8, 18, 24, 'b', 1, 20, '2023-03-05 17:43:00');
INSERT INTO Student_Answer ([ANS_ID], [STD_ID], [EX_ID], [Q_ID], [Student_Answer], [Is_Correct], [Obtained_Marks], [ANS_At]) VALUES
(1701, 11, 18, 21, 'd', 1, 20, '2023-03-05 11:57:00'),
(1702, 11, 18, 26, 'b', 1, 20, '2023-03-05 11:57:00'),
(1703, 11, 18, 25, 'Model Answer Text', 1, 20, '2023-03-05 11:57:00'),
(1704, 11, 18, 30, 'a', 1, 20, '2023-03-05 11:57:00'),
(1705, 11, 18, 24, 'wrong', 0, 0, '2023-03-05 11:57:00'),
(1706, 16, 18, 21, 'd', 1, 20, '2023-03-05 11:01:00'),
(1707, 16, 18, 26, 'b', 1, 20, '2023-03-05 11:01:00'),
(1708, 16, 18, 25, 'Model Answer Text', 1, 20, '2023-03-05 11:01:00'),
(1709, 16, 18, 30, 'wrong', 0, 0, '2023-03-05 11:01:00'),
(1710, 16, 18, 24, 'b', 1, 20, '2023-03-05 11:01:00'),
(1711, 25, 18, 21, 'wrong', 0, 0, '2023-03-05 15:55:00'),
(1712, 25, 18, 26, 'b', 1, 20, '2023-03-05 15:55:00'),
(1713, 25, 18, 25, 'Model Answer Text', 1, 20, '2023-03-05 15:55:00'),
(1714, 25, 18, 30, 'a', 1, 20, '2023-03-05 15:55:00'),
(1715, 25, 18, 24, 'b', 1, 20, '2023-03-05 15:55:00'),
(1716, 30, 18, 21, 'd', 1, 20, '2023-03-05 15:29:00'),
(1717, 30, 18, 26, 'b', 1, 20, '2023-03-05 15:29:00'),
(1718, 30, 18, 25, 'wrong', 0, 0, '2023-03-05 15:29:00'),
(1719, 30, 18, 30, 'a', 1, 20, '2023-03-05 15:29:00'),
(1720, 30, 18, 24, 'b', 1, 20, '2023-03-05 15:29:00'),
(1721, 35, 18, 21, 'd', 1, 20, '2023-03-05 16:25:00'),
(1722, 35, 18, 26, 'b', 1, 20, '2023-03-05 16:25:00'),
(1723, 35, 18, 25, 'Model Answer Text', 1, 20, '2023-03-05 16:25:00'),
(1724, 35, 18, 30, 'a', 1, 20, '2023-03-05 16:25:00'),
(1725, 35, 18, 24, 'b', 1, 20, '2023-03-05 16:25:00'),
(1726, 40, 18, 21, 'd', 1, 20, '2023-03-05 12:22:00'),
(1727, 40, 18, 26, 'b', 1, 20, '2023-03-05 12:22:00'),
(1728, 40, 18, 25, 'wrong', 0, 0, '2023-03-05 12:22:00'),
(1729, 40, 18, 30, 'a', 1, 20, '2023-03-05 12:22:00'),
(1730, 40, 18, 24, 'b', 1, 20, '2023-03-05 12:22:00'),
(1731, 44, 18, 21, 'd', 1, 20, '2023-03-05 15:30:00'),
(1732, 44, 18, 26, 'b', 1, 20, '2023-03-05 15:30:00'),
(1733, 44, 18, 25, 'Model Answer Text', 1, 20, '2023-03-05 15:30:00'),
(1734, 44, 18, 30, 'a', 1, 20, '2023-03-05 15:30:00'),
(1735, 44, 18, 24, 'wrong', 0, 0, '2023-03-05 15:30:00'),
(1736, 47, 18, 21, 'd', 1, 20, '2023-03-05 15:06:00'),
(1737, 47, 18, 26, 'wrong', 0, 0, '2023-03-05 15:06:00'),
(1738, 47, 18, 25, 'Model Answer Text', 1, 20, '2023-03-05 15:06:00'),
(1739, 47, 18, 30, 'a', 1, 20, '2023-03-05 15:06:00'),
(1740, 47, 18, 24, 'b', 1, 20, '2023-03-05 15:06:00'),
(1741, 52, 18, 21, 'd', 1, 20, '2023-03-05 15:16:00'),
(1742, 52, 18, 26, 'wrong', 0, 0, '2023-03-05 15:16:00'),
(1743, 52, 18, 25, 'wrong', 0, 0, '2023-03-05 15:16:00'),
(1744, 52, 18, 30, 'a', 1, 20, '2023-03-05 15:16:00'),
(1745, 52, 18, 24, 'b', 1, 20, '2023-03-05 15:16:00'),
(1746, 64, 18, 21, 'd', 1, 20, '2023-03-05 11:04:00'),
(1747, 64, 18, 26, 'b', 1, 20, '2023-03-05 11:04:00'),
(1748, 64, 18, 25, 'Model Answer Text', 1, 20, '2023-03-05 11:04:00'),
(1749, 64, 18, 30, 'a', 1, 20, '2023-03-05 11:04:00'),
(1750, 64, 18, 24, 'b', 1, 20, '2023-03-05 11:04:00'),
(1751, 65, 18, 21, 'd', 1, 20, '2023-03-05 18:12:00'),
(1752, 65, 18, 26, 'b', 1, 20, '2023-03-05 18:12:00'),
(1753, 65, 18, 25, 'Model Answer Text', 1, 20, '2023-03-05 18:12:00'),
(1754, 65, 18, 30, 'wrong', 0, 0, '2023-03-05 18:12:00'),
(1755, 65, 18, 24, 'b', 1, 20, '2023-03-05 18:12:00'),
(1756, 66, 18, 21, 'd', 1, 20, '2023-03-05 12:10:00'),
(1757, 66, 18, 26, 'wrong', 0, 0, '2023-03-05 12:10:00'),
(1758, 66, 18, 25, 'wrong', 0, 0, '2023-03-05 12:10:00'),
(1759, 66, 18, 30, 'a', 1, 20, '2023-03-05 12:10:00'),
(1760, 66, 18, 24, 'b', 1, 20, '2023-03-05 12:10:00'),
(1761, 67, 18, 21, 'd', 1, 20, '2023-03-05 11:06:00'),
(1762, 67, 18, 26, 'b', 1, 20, '2023-03-05 11:06:00'),
(1763, 67, 18, 25, 'wrong', 0, 0, '2023-03-05 11:06:00'),
(1764, 67, 18, 30, 'a', 1, 20, '2023-03-05 11:06:00'),
(1765, 67, 18, 24, 'wrong', 0, 0, '2023-03-05 11:06:00'),
(1766, 72, 18, 21, 'd', 1, 20, '2023-03-05 15:08:00'),
(1767, 72, 18, 26, 'b', 1, 20, '2023-03-05 15:08:00'),
(1768, 72, 18, 25, 'Model Answer Text', 1, 20, '2023-03-05 15:08:00'),
(1769, 72, 18, 30, 'a', 1, 20, '2023-03-05 15:08:00'),
(1770, 72, 18, 24, 'b', 1, 20, '2023-03-05 15:08:00'),
(1771, 76, 18, 21, 'd', 1, 20, '2023-03-05 10:01:00'),
(1772, 76, 18, 26, 'b', 1, 20, '2023-03-05 10:01:00'),
(1773, 76, 18, 25, 'Model Answer Text', 1, 20, '2023-03-05 10:01:00'),
(1774, 76, 18, 30, 'a', 1, 20, '2023-03-05 10:01:00'),
(1775, 76, 18, 24, 'b', 1, 20, '2023-03-05 10:01:00'),
(1776, 87, 18, 21, 'd', 1, 20, '2023-03-05 18:37:00'),
(1777, 87, 18, 26, 'b', 1, 20, '2023-03-05 18:37:00'),
(1778, 87, 18, 25, 'Model Answer Text', 1, 20, '2023-03-05 18:37:00'),
(1779, 87, 18, 30, 'a', 1, 20, '2023-03-05 18:37:00'),
(1780, 87, 18, 24, 'b', 1, 20, '2023-03-05 18:37:00'),
(1781, 91, 18, 21, 'd', 1, 20, '2023-03-05 16:31:00'),
(1782, 91, 18, 26, 'b', 1, 20, '2023-03-05 16:31:00'),
(1783, 91, 18, 25, 'Model Answer Text', 1, 20, '2023-03-05 16:31:00'),
(1784, 91, 18, 30, 'a', 1, 20, '2023-03-05 16:31:00'),
(1785, 91, 18, 24, 'wrong', 0, 0, '2023-03-05 16:31:00'),
(1786, 94, 18, 21, 'd', 1, 20, '2023-03-05 16:22:00'),
(1787, 94, 18, 26, 'b', 1, 20, '2023-03-05 16:22:00'),
(1788, 94, 18, 25, 'wrong', 0, 0, '2023-03-05 16:22:00'),
(1789, 94, 18, 30, 'a', 1, 20, '2023-03-05 16:22:00'),
(1790, 94, 18, 24, 'b', 1, 20, '2023-03-05 16:22:00'),
(1791, 97, 18, 21, 'd', 1, 20, '2023-03-05 10:37:00'),
(1792, 97, 18, 26, 'b', 1, 20, '2023-03-05 10:37:00'),
(1793, 97, 18, 25, 'Model Answer Text', 1, 20, '2023-03-05 10:37:00'),
(1794, 97, 18, 30, 'wrong', 0, 0, '2023-03-05 10:37:00'),
(1795, 97, 18, 24, 'b', 1, 20, '2023-03-05 10:37:00'),
(1796, 2, 19, 38, 'Model Answer Text', 1, 20, '2023-10-27 12:04:00'),
(1797, 2, 19, 35, 'c', 1, 20, '2023-10-27 12:04:00'),
(1798, 2, 19, 40, 'c', 1, 20, '2023-10-27 12:04:00'),
(1799, 2, 19, 31, 'Model Answer Text', 1, 20, '2023-10-27 12:04:00'),
(1800, 2, 19, 37, 'b', 1, 20, '2023-10-27 12:04:00');
INSERT INTO Student_Answer ([ANS_ID], [STD_ID], [EX_ID], [Q_ID], [Student_Answer], [Is_Correct], [Obtained_Marks], [ANS_At]) VALUES
(1801, 3, 19, 38, 'Model Answer Text', 1, 20, '2023-10-27 13:52:00'),
(1802, 3, 19, 35, 'c', 1, 20, '2023-10-27 13:52:00'),
(1803, 3, 19, 40, 'wrong', 0, 0, '2023-10-27 13:52:00'),
(1804, 3, 19, 31, 'Model Answer Text', 1, 20, '2023-10-27 13:52:00'),
(1805, 3, 19, 37, 'b', 1, 20, '2023-10-27 13:52:00'),
(1806, 4, 19, 38, 'Model Answer Text', 1, 20, '2023-10-27 15:57:00'),
(1807, 4, 19, 35, 'c', 1, 20, '2023-10-27 15:57:00'),
(1808, 4, 19, 40, 'c', 1, 20, '2023-10-27 15:57:00'),
(1809, 4, 19, 31, 'Model Answer Text', 1, 20, '2023-10-27 15:57:00'),
(1810, 4, 19, 37, 'b', 1, 20, '2023-10-27 15:57:00'),
(1811, 5, 19, 38, 'wrong', 0, 0, '2023-10-27 11:29:00'),
(1812, 5, 19, 35, 'c', 1, 20, '2023-10-27 11:29:00'),
(1813, 5, 19, 40, 'c', 1, 20, '2023-10-27 11:29:00'),
(1814, 5, 19, 31, 'wrong', 0, 0, '2023-10-27 11:29:00'),
(1815, 5, 19, 37, 'b', 1, 20, '2023-10-27 11:29:00'),
(1816, 7, 19, 38, 'Model Answer Text', 1, 20, '2023-10-27 14:39:00'),
(1817, 7, 19, 35, 'c', 1, 20, '2023-10-27 14:39:00'),
(1818, 7, 19, 40, 'c', 1, 20, '2023-10-27 14:39:00'),
(1819, 7, 19, 31, 'Model Answer Text', 1, 20, '2023-10-27 14:39:00'),
(1820, 7, 19, 37, 'b', 1, 20, '2023-10-27 14:39:00'),
(1821, 8, 19, 38, 'Model Answer Text', 1, 20, '2023-10-27 14:00:00'),
(1822, 8, 19, 35, 'c', 1, 20, '2023-10-27 14:00:00'),
(1823, 8, 19, 40, 'wrong', 0, 0, '2023-10-27 14:00:00'),
(1824, 8, 19, 31, 'Model Answer Text', 1, 20, '2023-10-27 14:00:00'),
(1825, 8, 19, 37, 'wrong', 0, 0, '2023-10-27 14:00:00'),
(1826, 11, 19, 38, 'Model Answer Text', 1, 20, '2023-10-27 11:40:00'),
(1827, 11, 19, 35, 'c', 1, 20, '2023-10-27 11:40:00'),
(1828, 11, 19, 40, 'wrong', 0, 0, '2023-10-27 11:40:00'),
(1829, 11, 19, 31, 'Model Answer Text', 1, 20, '2023-10-27 11:40:00'),
(1830, 11, 19, 37, 'b', 1, 20, '2023-10-27 11:40:00'),
(1831, 16, 19, 38, 'Model Answer Text', 1, 20, '2023-10-27 18:57:00'),
(1832, 16, 19, 35, 'c', 1, 20, '2023-10-27 18:57:00'),
(1833, 16, 19, 40, 'c', 1, 20, '2023-10-27 18:57:00'),
(1834, 16, 19, 31, 'Model Answer Text', 1, 20, '2023-10-27 18:57:00'),
(1835, 16, 19, 37, 'b', 1, 20, '2023-10-27 18:57:00'),
(1836, 25, 19, 38, 'Model Answer Text', 1, 20, '2023-10-27 10:42:00'),
(1837, 25, 19, 35, 'c', 1, 20, '2023-10-27 10:42:00'),
(1838, 25, 19, 40, 'c', 1, 20, '2023-10-27 10:42:00'),
(1839, 25, 19, 31, 'wrong', 0, 0, '2023-10-27 10:42:00'),
(1840, 25, 19, 37, 'wrong', 0, 0, '2023-10-27 10:42:00'),
(1841, 30, 19, 38, 'Model Answer Text', 1, 20, '2023-10-27 17:01:00'),
(1842, 30, 19, 35, 'c', 1, 20, '2023-10-27 17:01:00'),
(1843, 30, 19, 40, 'c', 1, 20, '2023-10-27 17:01:00'),
(1844, 30, 19, 31, 'wrong', 0, 0, '2023-10-27 17:01:00'),
(1845, 30, 19, 37, 'b', 1, 20, '2023-10-27 17:01:00'),
(1846, 35, 19, 38, 'Model Answer Text', 1, 20, '2023-10-27 12:27:00'),
(1847, 35, 19, 35, 'wrong', 0, 0, '2023-10-27 12:27:00'),
(1848, 35, 19, 40, 'c', 1, 20, '2023-10-27 12:27:00'),
(1849, 35, 19, 31, 'Model Answer Text', 1, 20, '2023-10-27 12:27:00'),
(1850, 35, 19, 37, 'wrong', 0, 0, '2023-10-27 12:27:00'),
(1851, 40, 19, 38, 'wrong', 0, 0, '2023-10-27 11:19:00'),
(1852, 40, 19, 35, 'c', 1, 20, '2023-10-27 11:19:00'),
(1853, 40, 19, 40, 'c', 1, 20, '2023-10-27 11:19:00'),
(1854, 40, 19, 31, 'wrong', 0, 0, '2023-10-27 11:19:00'),
(1855, 40, 19, 37, 'wrong', 0, 0, '2023-10-27 11:19:00'),
(1856, 44, 19, 38, 'Model Answer Text', 1, 20, '2023-10-27 18:00:00'),
(1857, 44, 19, 35, 'wrong', 0, 0, '2023-10-27 18:00:00'),
(1858, 44, 19, 40, 'c', 1, 20, '2023-10-27 18:00:00'),
(1859, 44, 19, 31, 'wrong', 0, 0, '2023-10-27 18:00:00'),
(1860, 44, 19, 37, 'wrong', 0, 0, '2023-10-27 18:00:00'),
(1861, 47, 19, 38, 'wrong', 0, 0, '2023-10-27 11:53:00'),
(1862, 47, 19, 35, 'c', 1, 20, '2023-10-27 11:53:00'),
(1863, 47, 19, 40, 'c', 1, 20, '2023-10-27 11:53:00'),
(1864, 47, 19, 31, 'Model Answer Text', 1, 20, '2023-10-27 11:53:00'),
(1865, 47, 19, 37, 'b', 1, 20, '2023-10-27 11:53:00'),
(1866, 52, 19, 38, 'Model Answer Text', 1, 20, '2023-10-27 12:09:00'),
(1867, 52, 19, 35, 'wrong', 0, 0, '2023-10-27 12:09:00'),
(1868, 52, 19, 40, 'c', 1, 20, '2023-10-27 12:09:00'),
(1869, 52, 19, 31, 'wrong', 0, 0, '2023-10-27 12:09:00'),
(1870, 52, 19, 37, 'b', 1, 20, '2023-10-27 12:09:00'),
(1871, 64, 19, 38, 'Model Answer Text', 1, 20, '2023-10-27 10:35:00'),
(1872, 64, 19, 35, 'c', 1, 20, '2023-10-27 10:35:00'),
(1873, 64, 19, 40, 'c', 1, 20, '2023-10-27 10:35:00'),
(1874, 64, 19, 31, 'Model Answer Text', 1, 20, '2023-10-27 10:35:00'),
(1875, 64, 19, 37, 'b', 1, 20, '2023-10-27 10:35:00'),
(1876, 65, 19, 38, 'Model Answer Text', 1, 20, '2023-10-27 16:39:00'),
(1877, 65, 19, 35, 'c', 1, 20, '2023-10-27 16:39:00'),
(1878, 65, 19, 40, 'c', 1, 20, '2023-10-27 16:39:00'),
(1879, 65, 19, 31, 'Model Answer Text', 1, 20, '2023-10-27 16:39:00'),
(1880, 65, 19, 37, 'wrong', 0, 0, '2023-10-27 16:39:00'),
(1881, 66, 19, 38, 'wrong', 0, 0, '2023-10-27 17:28:00'),
(1882, 66, 19, 35, 'c', 1, 20, '2023-10-27 17:28:00'),
(1883, 66, 19, 40, 'c', 1, 20, '2023-10-27 17:28:00'),
(1884, 66, 19, 31, 'Model Answer Text', 1, 20, '2023-10-27 17:28:00'),
(1885, 66, 19, 37, 'b', 1, 20, '2023-10-27 17:28:00'),
(1886, 67, 19, 38, 'Model Answer Text', 1, 20, '2023-10-27 11:46:00'),
(1887, 67, 19, 35, 'c', 1, 20, '2023-10-27 11:46:00'),
(1888, 67, 19, 40, 'wrong', 0, 0, '2023-10-27 11:46:00'),
(1889, 67, 19, 31, 'wrong', 0, 0, '2023-10-27 11:46:00'),
(1890, 67, 19, 37, 'b', 1, 20, '2023-10-27 11:46:00'),
(1891, 72, 19, 38, 'Model Answer Text', 1, 20, '2023-10-27 10:42:00'),
(1892, 72, 19, 35, 'c', 1, 20, '2023-10-27 10:42:00'),
(1893, 72, 19, 40, 'wrong', 0, 0, '2023-10-27 10:42:00'),
(1894, 72, 19, 31, 'Model Answer Text', 1, 20, '2023-10-27 10:42:00'),
(1895, 72, 19, 37, 'b', 1, 20, '2023-10-27 10:42:00'),
(1896, 76, 19, 38, 'Model Answer Text', 1, 20, '2023-10-27 14:22:00'),
(1897, 76, 19, 35, 'c', 1, 20, '2023-10-27 14:22:00'),
(1898, 76, 19, 40, 'c', 1, 20, '2023-10-27 14:22:00'),
(1899, 76, 19, 31, 'Model Answer Text', 1, 20, '2023-10-27 14:22:00'),
(1900, 76, 19, 37, 'wrong', 0, 0, '2023-10-27 14:22:00');
INSERT INTO Student_Answer ([ANS_ID], [STD_ID], [EX_ID], [Q_ID], [Student_Answer], [Is_Correct], [Obtained_Marks], [ANS_At]) VALUES
(1901, 87, 19, 38, 'Model Answer Text', 1, 20, '2023-10-27 13:37:00'),
(1902, 87, 19, 35, 'c', 1, 20, '2023-10-27 13:37:00'),
(1903, 87, 19, 40, 'wrong', 0, 0, '2023-10-27 13:37:00'),
(1904, 87, 19, 31, 'Model Answer Text', 1, 20, '2023-10-27 13:37:00'),
(1905, 87, 19, 37, 'b', 1, 20, '2023-10-27 13:37:00'),
(1906, 91, 19, 38, 'Model Answer Text', 1, 20, '2023-10-27 11:41:00'),
(1907, 91, 19, 35, 'c', 1, 20, '2023-10-27 11:41:00'),
(1908, 91, 19, 40, 'c', 1, 20, '2023-10-27 11:41:00'),
(1909, 91, 19, 31, 'Model Answer Text', 1, 20, '2023-10-27 11:41:00'),
(1910, 91, 19, 37, 'b', 1, 20, '2023-10-27 11:41:00'),
(1911, 94, 19, 38, 'wrong', 0, 0, '2023-10-27 10:28:00'),
(1912, 94, 19, 35, 'c', 1, 20, '2023-10-27 10:28:00'),
(1913, 94, 19, 40, 'wrong', 0, 0, '2023-10-27 10:28:00'),
(1914, 94, 19, 31, 'Model Answer Text', 1, 20, '2023-10-27 10:28:00'),
(1915, 94, 19, 37, 'wrong', 0, 0, '2023-10-27 10:28:00'),
(1916, 97, 19, 38, 'wrong', 0, 0, '2023-10-27 17:48:00'),
(1917, 97, 19, 35, 'c', 1, 20, '2023-10-27 17:48:00'),
(1918, 97, 19, 40, 'c', 1, 20, '2023-10-27 17:48:00'),
(1919, 97, 19, 31, 'Model Answer Text', 1, 20, '2023-10-27 17:48:00'),
(1920, 97, 19, 37, 'b', 1, 20, '2023-10-27 17:48:00'),
(1921, 2, 20, 43, 'c', 1, 20, '2023-11-03 13:44:00'),
(1922, 2, 20, 50, 'a', 1, 20, '2023-11-03 13:44:00'),
(1923, 2, 20, 44, 'b', 1, 20, '2023-11-03 13:44:00'),
(1924, 2, 20, 41, 'b', 1, 20, '2023-11-03 13:44:00'),
(1925, 2, 20, 46, 'b', 1, 20, '2023-11-03 13:44:00'),
(1926, 3, 20, 43, 'wrong', 0, 0, '2023-11-03 10:57:00'),
(1927, 3, 20, 50, 'a', 1, 20, '2023-11-03 10:57:00'),
(1928, 3, 20, 44, 'b', 1, 20, '2023-11-03 10:57:00'),
(1929, 3, 20, 41, 'b', 1, 20, '2023-11-03 10:57:00'),
(1930, 3, 20, 46, 'b', 1, 20, '2023-11-03 10:57:00'),
(1931, 4, 20, 43, 'c', 1, 20, '2023-11-03 16:22:00'),
(1932, 4, 20, 50, 'a', 1, 20, '2023-11-03 16:22:00'),
(1933, 4, 20, 44, 'wrong', 0, 0, '2023-11-03 16:22:00'),
(1934, 4, 20, 41, 'b', 1, 20, '2023-11-03 16:22:00'),
(1935, 4, 20, 46, 'wrong', 0, 0, '2023-11-03 16:22:00'),
(1936, 5, 20, 43, 'c', 1, 20, '2023-11-03 14:02:00'),
(1937, 5, 20, 50, 'a', 1, 20, '2023-11-03 14:02:00'),
(1938, 5, 20, 44, 'wrong', 0, 0, '2023-11-03 14:02:00'),
(1939, 5, 20, 41, 'b', 1, 20, '2023-11-03 14:02:00'),
(1940, 5, 20, 46, 'b', 1, 20, '2023-11-03 14:02:00'),
(1941, 7, 20, 43, 'c', 1, 20, '2023-11-03 18:03:00'),
(1942, 7, 20, 50, 'a', 1, 20, '2023-11-03 18:03:00'),
(1943, 7, 20, 44, 'b', 1, 20, '2023-11-03 18:03:00'),
(1944, 7, 20, 41, 'b', 1, 20, '2023-11-03 18:03:00'),
(1945, 7, 20, 46, 'wrong', 0, 0, '2023-11-03 18:03:00'),
(1946, 8, 20, 43, 'wrong', 0, 0, '2023-11-03 18:54:00'),
(1947, 8, 20, 50, 'a', 1, 20, '2023-11-03 18:54:00'),
(1948, 8, 20, 44, 'b', 1, 20, '2023-11-03 18:54:00'),
(1949, 8, 20, 41, 'b', 1, 20, '2023-11-03 18:54:00'),
(1950, 8, 20, 46, 'b', 1, 20, '2023-11-03 18:54:00'),
(1951, 11, 20, 43, 'c', 1, 20, '2023-11-03 12:03:00'),
(1952, 11, 20, 50, 'a', 1, 20, '2023-11-03 12:03:00'),
(1953, 11, 20, 44, 'b', 1, 20, '2023-11-03 12:03:00'),
(1954, 11, 20, 41, 'wrong', 0, 0, '2023-11-03 12:03:00'),
(1955, 11, 20, 46, 'wrong', 0, 0, '2023-11-03 12:03:00'),
(1956, 16, 20, 43, 'c', 1, 20, '2023-11-03 17:27:00'),
(1957, 16, 20, 50, 'a', 1, 20, '2023-11-03 17:27:00'),
(1958, 16, 20, 44, 'wrong', 0, 0, '2023-11-03 17:27:00'),
(1959, 16, 20, 41, 'b', 1, 20, '2023-11-03 17:27:00'),
(1960, 16, 20, 46, 'b', 1, 20, '2023-11-03 17:27:00'),
(1961, 25, 20, 43, 'wrong', 0, 0, '2023-11-03 18:51:00'),
(1962, 25, 20, 50, 'a', 1, 20, '2023-11-03 18:51:00'),
(1963, 25, 20, 44, 'b', 1, 20, '2023-11-03 18:51:00'),
(1964, 25, 20, 41, 'b', 1, 20, '2023-11-03 18:51:00'),
(1965, 25, 20, 46, 'b', 1, 20, '2023-11-03 18:51:00'),
(1966, 30, 20, 43, 'c', 1, 20, '2023-11-03 16:59:00'),
(1967, 30, 20, 50, 'wrong', 0, 0, '2023-11-03 16:59:00'),
(1968, 30, 20, 44, 'b', 1, 20, '2023-11-03 16:59:00'),
(1969, 30, 20, 41, 'b', 1, 20, '2023-11-03 16:59:00'),
(1970, 30, 20, 46, 'b', 1, 20, '2023-11-03 16:59:00'),
(1971, 35, 20, 43, 'c', 1, 20, '2023-11-03 11:11:00'),
(1972, 35, 20, 50, 'a', 1, 20, '2023-11-03 11:11:00'),
(1973, 35, 20, 44, 'wrong', 0, 0, '2023-11-03 11:11:00'),
(1974, 35, 20, 41, 'wrong', 0, 0, '2023-11-03 11:11:00'),
(1975, 35, 20, 46, 'b', 1, 20, '2023-11-03 11:11:00'),
(1976, 40, 20, 43, 'wrong', 0, 0, '2023-11-03 18:11:00'),
(1977, 40, 20, 50, 'a', 1, 20, '2023-11-03 18:11:00'),
(1978, 40, 20, 44, 'b', 1, 20, '2023-11-03 18:11:00'),
(1979, 40, 20, 41, 'b', 1, 20, '2023-11-03 18:11:00'),
(1980, 40, 20, 46, 'b', 1, 20, '2023-11-03 18:11:00'),
(1981, 44, 20, 43, 'c', 1, 20, '2023-11-03 16:20:00'),
(1982, 44, 20, 50, 'a', 1, 20, '2023-11-03 16:20:00'),
(1983, 44, 20, 44, 'wrong', 0, 0, '2023-11-03 16:20:00'),
(1984, 44, 20, 41, 'b', 1, 20, '2023-11-03 16:20:00'),
(1985, 44, 20, 46, 'b', 1, 20, '2023-11-03 16:20:00'),
(1986, 47, 20, 43, 'c', 1, 20, '2023-11-03 12:45:00'),
(1987, 47, 20, 50, 'a', 1, 20, '2023-11-03 12:45:00'),
(1988, 47, 20, 44, 'b', 1, 20, '2023-11-03 12:45:00'),
(1989, 47, 20, 41, 'wrong', 0, 0, '2023-11-03 12:45:00'),
(1990, 47, 20, 46, 'b', 1, 20, '2023-11-03 12:45:00'),
(1991, 52, 20, 43, 'c', 1, 20, '2023-11-03 16:52:00'),
(1992, 52, 20, 50, 'wrong', 0, 0, '2023-11-03 16:52:00'),
(1993, 52, 20, 44, 'wrong', 0, 0, '2023-11-03 16:52:00'),
(1994, 52, 20, 41, 'b', 1, 20, '2023-11-03 16:52:00'),
(1995, 52, 20, 46, 'b', 1, 20, '2023-11-03 16:52:00'),
(1996, 64, 20, 43, 'wrong', 0, 0, '2023-11-03 13:30:00'),
(1997, 64, 20, 50, 'a', 1, 20, '2023-11-03 13:30:00'),
(1998, 64, 20, 44, 'b', 1, 20, '2023-11-03 13:30:00'),
(1999, 64, 20, 41, 'b', 1, 20, '2023-11-03 13:30:00'),
(2000, 64, 20, 46, 'wrong', 0, 0, '2023-11-03 13:30:00');
INSERT INTO Student_Answer ([ANS_ID], [STD_ID], [EX_ID], [Q_ID], [Student_Answer], [Is_Correct], [Obtained_Marks], [ANS_At]) VALUES
(2001, 65, 20, 43, 'wrong', 0, 0, '2023-11-03 17:19:00'),
(2002, 65, 20, 50, 'wrong', 0, 0, '2023-11-03 17:19:00'),
(2003, 65, 20, 44, 'b', 1, 20, '2023-11-03 17:19:00'),
(2004, 65, 20, 41, 'b', 1, 20, '2023-11-03 17:19:00'),
(2005, 65, 20, 46, 'b', 1, 20, '2023-11-03 17:19:00'),
(2006, 66, 20, 43, 'c', 1, 20, '2023-11-03 18:06:00'),
(2007, 66, 20, 50, 'a', 1, 20, '2023-11-03 18:06:00'),
(2008, 66, 20, 44, 'b', 1, 20, '2023-11-03 18:06:00'),
(2009, 66, 20, 41, 'b', 1, 20, '2023-11-03 18:06:00'),
(2010, 66, 20, 46, 'b', 1, 20, '2023-11-03 18:06:00'),
(2011, 67, 20, 43, 'c', 1, 20, '2023-11-03 10:32:00'),
(2012, 67, 20, 50, 'a', 1, 20, '2023-11-03 10:32:00'),
(2013, 67, 20, 44, 'b', 1, 20, '2023-11-03 10:32:00'),
(2014, 67, 20, 41, 'b', 1, 20, '2023-11-03 10:32:00'),
(2015, 67, 20, 46, 'wrong', 0, 0, '2023-11-03 10:32:00'),
(2016, 72, 20, 43, 'c', 1, 20, '2023-11-03 11:08:00'),
(2017, 72, 20, 50, 'a', 1, 20, '2023-11-03 11:08:00'),
(2018, 72, 20, 44, 'wrong', 0, 0, '2023-11-03 11:08:00'),
(2019, 72, 20, 41, 'b', 1, 20, '2023-11-03 11:08:00'),
(2020, 72, 20, 46, 'b', 1, 20, '2023-11-03 11:08:00'),
(2021, 76, 20, 43, 'c', 1, 20, '2023-11-03 14:04:00'),
(2022, 76, 20, 50, 'a', 1, 20, '2023-11-03 14:04:00'),
(2023, 76, 20, 44, 'b', 1, 20, '2023-11-03 14:04:00'),
(2024, 76, 20, 41, 'b', 1, 20, '2023-11-03 14:04:00'),
(2025, 76, 20, 46, 'wrong', 0, 0, '2023-11-03 14:04:00'),
(2026, 87, 20, 43, 'c', 1, 20, '2023-11-03 16:45:00'),
(2027, 87, 20, 50, 'a', 1, 20, '2023-11-03 16:45:00'),
(2028, 87, 20, 44, 'b', 1, 20, '2023-11-03 16:45:00'),
(2029, 87, 20, 41, 'b', 1, 20, '2023-11-03 16:45:00'),
(2030, 87, 20, 46, 'b', 1, 20, '2023-11-03 16:45:00'),
(2031, 91, 20, 43, 'c', 1, 20, '2023-11-03 13:10:00'),
(2032, 91, 20, 50, 'wrong', 0, 0, '2023-11-03 13:10:00'),
(2033, 91, 20, 44, 'wrong', 0, 0, '2023-11-03 13:10:00'),
(2034, 91, 20, 41, 'b', 1, 20, '2023-11-03 13:10:00'),
(2035, 91, 20, 46, 'b', 1, 20, '2023-11-03 13:10:00'),
(2036, 94, 20, 43, 'c', 1, 20, '2023-11-03 17:57:00'),
(2037, 94, 20, 50, 'a', 1, 20, '2023-11-03 17:57:00'),
(2038, 94, 20, 44, 'b', 1, 20, '2023-11-03 17:57:00'),
(2039, 94, 20, 41, 'b', 1, 20, '2023-11-03 17:57:00'),
(2040, 94, 20, 46, 'b', 1, 20, '2023-11-03 17:57:00'),
(2041, 97, 20, 43, 'c', 1, 20, '2023-11-03 18:38:00'),
(2042, 97, 20, 50, 'a', 1, 20, '2023-11-03 18:38:00'),
(2043, 97, 20, 44, 'b', 1, 20, '2023-11-03 18:38:00'),
(2044, 97, 20, 41, 'b', 1, 20, '2023-11-03 18:38:00'),
(2045, 97, 20, 46, 'b', 1, 20, '2023-11-03 18:38:00'),
(2046, 2, 21, 58, 'b', 1, 20, '2023-09-11 18:16:00'),
(2047, 2, 21, 53, 'Model Answer Text', 1, 20, '2023-09-11 18:16:00'),
(2048, 2, 21, 54, 'b', 1, 20, '2023-09-11 18:16:00'),
(2049, 2, 21, 57, 'Model Answer Text', 1, 20, '2023-09-11 18:16:00'),
(2050, 2, 21, 59, 'wrong', 0, 0, '2023-09-11 18:16:00'),
(2051, 3, 21, 58, 'wrong', 0, 0, '2023-09-11 12:26:00'),
(2052, 3, 21, 53, 'Model Answer Text', 1, 20, '2023-09-11 12:26:00'),
(2053, 3, 21, 54, 'b', 1, 20, '2023-09-11 12:26:00'),
(2054, 3, 21, 57, 'Model Answer Text', 1, 20, '2023-09-11 12:26:00'),
(2055, 3, 21, 59, 'wrong', 0, 0, '2023-09-11 12:26:00'),
(2056, 4, 21, 58, 'wrong', 0, 0, '2023-09-11 10:21:00'),
(2057, 4, 21, 53, 'Model Answer Text', 1, 20, '2023-09-11 10:21:00'),
(2058, 4, 21, 54, 'b', 1, 20, '2023-09-11 10:21:00'),
(2059, 4, 21, 57, 'wrong', 0, 0, '2023-09-11 10:21:00'),
(2060, 4, 21, 59, 'Model Answer Text', 1, 20, '2023-09-11 10:21:00'),
(2061, 5, 21, 58, 'b', 1, 20, '2023-09-11 10:04:00'),
(2062, 5, 21, 53, 'Model Answer Text', 1, 20, '2023-09-11 10:04:00'),
(2063, 5, 21, 54, 'b', 1, 20, '2023-09-11 10:04:00'),
(2064, 5, 21, 57, 'Model Answer Text', 1, 20, '2023-09-11 10:04:00'),
(2065, 5, 21, 59, 'Model Answer Text', 1, 20, '2023-09-11 10:04:00'),
(2066, 7, 21, 58, 'b', 1, 20, '2023-09-11 17:58:00'),
(2067, 7, 21, 53, 'Model Answer Text', 1, 20, '2023-09-11 17:58:00'),
(2068, 7, 21, 54, 'b', 1, 20, '2023-09-11 17:58:00'),
(2069, 7, 21, 57, 'Model Answer Text', 1, 20, '2023-09-11 17:58:00'),
(2070, 7, 21, 59, 'wrong', 0, 0, '2023-09-11 17:58:00'),
(2071, 8, 21, 58, 'b', 1, 20, '2023-09-11 11:12:00'),
(2072, 8, 21, 53, 'wrong', 0, 0, '2023-09-11 11:12:00'),
(2073, 8, 21, 54, 'b', 1, 20, '2023-09-11 11:12:00'),
(2074, 8, 21, 57, 'Model Answer Text', 1, 20, '2023-09-11 11:12:00'),
(2075, 8, 21, 59, 'Model Answer Text', 1, 20, '2023-09-11 11:12:00'),
(2076, 11, 21, 58, 'wrong', 0, 0, '2023-09-11 12:51:00'),
(2077, 11, 21, 53, 'Model Answer Text', 1, 20, '2023-09-11 12:51:00'),
(2078, 11, 21, 54, 'b', 1, 20, '2023-09-11 12:51:00'),
(2079, 11, 21, 57, 'Model Answer Text', 1, 20, '2023-09-11 12:51:00'),
(2080, 11, 21, 59, 'wrong', 0, 0, '2023-09-11 12:51:00'),
(2081, 16, 21, 58, 'wrong', 0, 0, '2023-09-11 18:49:00'),
(2082, 16, 21, 53, 'Model Answer Text', 1, 20, '2023-09-11 18:49:00'),
(2083, 16, 21, 54, 'b', 1, 20, '2023-09-11 18:49:00'),
(2084, 16, 21, 57, 'Model Answer Text', 1, 20, '2023-09-11 18:49:00'),
(2085, 16, 21, 59, 'Model Answer Text', 1, 20, '2023-09-11 18:49:00'),
(2086, 25, 21, 58, 'b', 1, 20, '2023-09-11 10:54:00'),
(2087, 25, 21, 53, 'Model Answer Text', 1, 20, '2023-09-11 10:54:00'),
(2088, 25, 21, 54, 'b', 1, 20, '2023-09-11 10:54:00'),
(2089, 25, 21, 57, 'wrong', 0, 0, '2023-09-11 10:54:00'),
(2090, 25, 21, 59, 'wrong', 0, 0, '2023-09-11 10:54:00'),
(2091, 30, 21, 58, 'wrong', 0, 0, '2023-09-11 14:43:00'),
(2092, 30, 21, 53, 'Model Answer Text', 1, 20, '2023-09-11 14:43:00'),
(2093, 30, 21, 54, 'b', 1, 20, '2023-09-11 14:43:00'),
(2094, 30, 21, 57, 'Model Answer Text', 1, 20, '2023-09-11 14:43:00'),
(2095, 30, 21, 59, 'Model Answer Text', 1, 20, '2023-09-11 14:43:00'),
(2096, 35, 21, 58, 'b', 1, 20, '2023-09-11 17:56:00'),
(2097, 35, 21, 53, 'Model Answer Text', 1, 20, '2023-09-11 17:56:00'),
(2098, 35, 21, 54, 'wrong', 0, 0, '2023-09-11 17:56:00'),
(2099, 35, 21, 57, 'Model Answer Text', 1, 20, '2023-09-11 17:56:00'),
(2100, 35, 21, 59, 'Model Answer Text', 1, 20, '2023-09-11 17:56:00');
INSERT INTO Student_Answer ([ANS_ID], [STD_ID], [EX_ID], [Q_ID], [Student_Answer], [Is_Correct], [Obtained_Marks], [ANS_At]) VALUES
(2101, 40, 21, 58, 'b', 1, 20, '2023-09-11 10:32:00'),
(2102, 40, 21, 53, 'Model Answer Text', 1, 20, '2023-09-11 10:32:00'),
(2103, 40, 21, 54, 'b', 1, 20, '2023-09-11 10:32:00'),
(2104, 40, 21, 57, 'Model Answer Text', 1, 20, '2023-09-11 10:32:00'),
(2105, 40, 21, 59, 'Model Answer Text', 1, 20, '2023-09-11 10:32:00'),
(2106, 44, 21, 58, 'b', 1, 20, '2023-09-11 13:29:00'),
(2107, 44, 21, 53, 'wrong', 0, 0, '2023-09-11 13:29:00'),
(2108, 44, 21, 54, 'b', 1, 20, '2023-09-11 13:29:00'),
(2109, 44, 21, 57, 'Model Answer Text', 1, 20, '2023-09-11 13:29:00'),
(2110, 44, 21, 59, 'Model Answer Text', 1, 20, '2023-09-11 13:29:00'),
(2111, 47, 21, 58, 'b', 1, 20, '2023-09-11 10:53:00'),
(2112, 47, 21, 53, 'wrong', 0, 0, '2023-09-11 10:53:00'),
(2113, 47, 21, 54, 'b', 1, 20, '2023-09-11 10:53:00'),
(2114, 47, 21, 57, 'wrong', 0, 0, '2023-09-11 10:53:00'),
(2115, 47, 21, 59, 'wrong', 0, 0, '2023-09-11 10:53:00'),
(2116, 52, 21, 58, 'wrong', 0, 0, '2023-09-11 12:46:00'),
(2117, 52, 21, 53, 'Model Answer Text', 1, 20, '2023-09-11 12:46:00'),
(2118, 52, 21, 54, 'b', 1, 20, '2023-09-11 12:46:00'),
(2119, 52, 21, 57, 'wrong', 0, 0, '2023-09-11 12:46:00'),
(2120, 52, 21, 59, 'Model Answer Text', 1, 20, '2023-09-11 12:46:00'),
(2121, 64, 21, 58, 'wrong', 0, 0, '2023-09-11 15:43:00'),
(2122, 64, 21, 53, 'wrong', 0, 0, '2023-09-11 15:43:00'),
(2123, 64, 21, 54, 'b', 1, 20, '2023-09-11 15:43:00'),
(2124, 64, 21, 57, 'Model Answer Text', 1, 20, '2023-09-11 15:43:00'),
(2125, 64, 21, 59, 'Model Answer Text', 1, 20, '2023-09-11 15:43:00'),
(2126, 65, 21, 58, 'b', 1, 20, '2023-09-11 16:31:00'),
(2127, 65, 21, 53, 'Model Answer Text', 1, 20, '2023-09-11 16:31:00'),
(2128, 65, 21, 54, 'b', 1, 20, '2023-09-11 16:31:00'),
(2129, 65, 21, 57, 'wrong', 0, 0, '2023-09-11 16:31:00'),
(2130, 65, 21, 59, 'Model Answer Text', 1, 20, '2023-09-11 16:31:00'),
(2131, 66, 21, 58, 'b', 1, 20, '2023-09-11 14:53:00'),
(2132, 66, 21, 53, 'Model Answer Text', 1, 20, '2023-09-11 14:53:00'),
(2133, 66, 21, 54, 'b', 1, 20, '2023-09-11 14:53:00'),
(2134, 66, 21, 57, 'Model Answer Text', 1, 20, '2023-09-11 14:53:00'),
(2135, 66, 21, 59, 'Model Answer Text', 1, 20, '2023-09-11 14:53:00'),
(2136, 67, 21, 58, 'b', 1, 20, '2023-09-11 11:52:00'),
(2137, 67, 21, 53, 'Model Answer Text', 1, 20, '2023-09-11 11:52:00'),
(2138, 67, 21, 54, 'b', 1, 20, '2023-09-11 11:52:00'),
(2139, 67, 21, 57, 'Model Answer Text', 1, 20, '2023-09-11 11:52:00'),
(2140, 67, 21, 59, 'Model Answer Text', 1, 20, '2023-09-11 11:52:00'),
(2141, 72, 21, 58, 'b', 1, 20, '2023-09-11 12:04:00'),
(2142, 72, 21, 53, 'Model Answer Text', 1, 20, '2023-09-11 12:04:00'),
(2143, 72, 21, 54, 'wrong', 0, 0, '2023-09-11 12:04:00'),
(2144, 72, 21, 57, 'Model Answer Text', 1, 20, '2023-09-11 12:04:00'),
(2145, 72, 21, 59, 'Model Answer Text', 1, 20, '2023-09-11 12:04:00'),
(2146, 76, 21, 58, 'b', 1, 20, '2023-09-11 11:19:00'),
(2147, 76, 21, 53, 'Model Answer Text', 1, 20, '2023-09-11 11:19:00'),
(2148, 76, 21, 54, 'b', 1, 20, '2023-09-11 11:19:00'),
(2149, 76, 21, 57, 'Model Answer Text', 1, 20, '2023-09-11 11:19:00'),
(2150, 76, 21, 59, 'Model Answer Text', 1, 20, '2023-09-11 11:19:00'),
(2151, 87, 21, 58, 'b', 1, 20, '2023-09-11 14:59:00'),
(2152, 87, 21, 53, 'wrong', 0, 0, '2023-09-11 14:59:00'),
(2153, 87, 21, 54, 'b', 1, 20, '2023-09-11 14:59:00'),
(2154, 87, 21, 57, 'Model Answer Text', 1, 20, '2023-09-11 14:59:00'),
(2155, 87, 21, 59, 'Model Answer Text', 1, 20, '2023-09-11 14:59:00'),
(2156, 91, 21, 58, 'b', 1, 20, '2023-09-11 16:29:00'),
(2157, 91, 21, 53, 'Model Answer Text', 1, 20, '2023-09-11 16:29:00'),
(2158, 91, 21, 54, 'b', 1, 20, '2023-09-11 16:29:00'),
(2159, 91, 21, 57, 'Model Answer Text', 1, 20, '2023-09-11 16:29:00'),
(2160, 91, 21, 59, 'Model Answer Text', 1, 20, '2023-09-11 16:29:00'),
(2161, 94, 21, 58, 'b', 1, 20, '2023-09-11 12:18:00'),
(2162, 94, 21, 53, 'wrong', 0, 0, '2023-09-11 12:18:00'),
(2163, 94, 21, 54, 'wrong', 0, 0, '2023-09-11 12:18:00'),
(2164, 94, 21, 57, 'Model Answer Text', 1, 20, '2023-09-11 12:18:00'),
(2165, 94, 21, 59, 'Model Answer Text', 1, 20, '2023-09-11 12:18:00'),
(2166, 97, 21, 58, 'wrong', 0, 0, '2023-09-11 18:58:00'),
(2167, 97, 21, 53, 'Model Answer Text', 1, 20, '2023-09-11 18:58:00'),
(2168, 97, 21, 54, 'b', 1, 20, '2023-09-11 18:58:00'),
(2169, 97, 21, 57, 'Model Answer Text', 1, 20, '2023-09-11 18:58:00'),
(2170, 97, 21, 59, 'Model Answer Text', 1, 20, '2023-09-11 18:58:00');
SET IDENTITY_INSERT Student_Answer OFF;
GO

